Name,description,timestamp,begin,end,altitudeMode,tessellate,extrude,visibility,drawOrder,icon,atr_gr_id,atr_gr_tipo,atr_gr_visible,atr_gr_tiene_q,atr_gr_alerta,equip_a_codigo,equip_a_observaciones,equip_a_estado_fecha,equip_a_fecha_declaracion,estado_id,equip_b_senalizacion_ext,equip_b_acceso_modo,equip_b_nombre,cerramiento_id,acc_id,acc_dis_id,equip_b_tiene_interes,equip_b_superficie_aprox,cerramiento_material_id,web,zona_rec_es_merendero,tipo_zona_recreativa_id,OGR_GEOM_WKT
,,,,,,-1,-1,-1,,,72319,18,true,false,,AGRAP00001,Propuesta de Fundación Patrimonio Natural pendiente de adjudicación,2010-06-15T22:00:00Z,1905-07-02T00:00:00Z,1,true,"A las afueras de Torrearevalo, en la pista al Acebal",Área Recreativa de La Fuentona,2,1,2,true,0,2,,false,1,POINT (-2.392389852116968 41.960256550219498)
,,,,,,-1,-1,-1,,,72416,18,true,false,false,ARDAR00001,,2010-07-15T22:00:00Z,2002-04-10T22:00:00Z,1,false,Se accede por un camino que parte desde la ctra. ZA 324,Presa de Valcuevo,1,1,2,false,8425,4,,false,1,POINT (-6.094559365946493 41.485067012747592)
,,,,,,-1,-1,-1,,,72417,18,true,false,,ARDAR00002,,2010-07-15T22:00:00Z,2002-04-10T22:00:00Z,1,false,Se accede por un camino que parte desde la ctra. ZA-v-2210,"El Piconico, Tudera",1,1,2,false,756,4,,false,1,POINT (-6.205952171710027 41.402061297698737)
,,,,,,-1,-1,-1,,,72418,18,true,false,,ARDAR00003,,2010-07-15T22:00:00Z,2002-04-10T22:00:00Z,1,false,,Parque Infantil las Llagonicas,3,1,2,false,457,2,,false,2,POINT (-6.328574361900015 41.363659348358013)
,,,,,,-1,-1,-1,,,72419,18,true,false,,ARDAR00004,,2010-07-15T22:00:00Z,2002-04-10T22:00:00Z,1,false,Ctra ZA-L-2218,Ermita Nuestra Señora del Castillo,3,1,2,true,5681,2,,false,1,POINT (-6.28729686832892 41.438121896181258)
,,,,,,-1,-1,-1,,,72420,18,true,false,,ARDAR00005,,2010-07-15T22:00:00Z,2002-04-10T22:00:00Z,1,false,,Presa de la Ribera (Castro de Alcañices),1,1,2,false,1954,4,,false,1,POINT (-6.195327241909775 41.594737777568596)
,,,,,,-1,-1,-1,,,72421,18,true,false,,ARDAR00006,,2010-07-15T22:00:00Z,2002-04-10T22:00:00Z,1,false,Crta ZA 304,Valle los Pozos,3,1,2,false,3078,6,,false,1,POINT (-6.228205553573711 41.400078018892984)
,,,,,,-1,-1,-1,,,72422,18,true,false,,ARDAR00007,,2010-07-15T22:00:00Z,2002-04-10T22:00:00Z,1,false,"Crta ZA-p-2224, junto a casco urbano",Vallelcampo,1,1,2,false,500,4,,false,1,POINT (-6.176028283745432 41.464973857080579)
,,,,,,-1,-1,-1,,,72423,18,true,false,,ARDAR00008,,2010-07-15T22:00:00Z,2002-04-10T22:00:00Z,1,false,"Crta ZA-p-2224, junto a casco urbano",Las Escuelas - Argañín,3,1,2,false,433,3,,false,1,POINT (-6.211730358499801 41.43905528400191)
,,,,,,-1,-1,-1,,,72424,18,true,false,,ARDAR00009,,2010-07-15T22:00:00Z,2002-04-10T22:00:00Z,1,false,"Crta ZA-p-2222, junto a casco urbano",Area Molino Pachón,1,1,2,false,0,4,,false,1,POINT (-6.256379606602613 41.451218195386815)
,,,,,,-1,-1,-1,,,72425,18,true,false,,ARDAR00010,,2010-07-15T22:00:00Z,2002-04-10T22:00:00Z,1,false,"Crta ZA-L-2217, junto a casco urbano Palazuelo.",Ermita Santa Catalina,1,1,2,false,1702,4,,false,1,POINT (-6.279044367155215 41.376426053749299)
,,,,,,-1,-1,-1,,,72426,18,true,false,,ARDAR00011,,2010-07-15T22:00:00Z,2002-04-10T22:00:00Z,1,false,"Crta ZA-L-2215, junto a casco urbano Pinilla de Fermoselle.",Las Escuelas Pinilla de Fermoselle,3,1,2,false,3166,3,,false,1,POINT (-6.380374760314627 41.372754278919693)
,,,,,,-1,-1,-1,,,72427,18,true,false,,ARDAR00012,,2010-07-15T22:00:00Z,2002-04-10T22:00:00Z,1,false,Camino agrícola,Camino de Chiviteros (Torregamones),1,1,2,false,226,4,,false,1,POINT (-6.233736521785367 41.502430898037268)
,,,,,,-1,-1,-1,,,72428,18,true,false,,ARDAR00013,,2010-07-15T22:00:00Z,2002-04-10T22:00:00Z,1,false,,Fuente de la Santa Villadepera,1,1,2,false,375,4,,false,1,POINT (-6.156208249458604 41.552662537879215)
,,,,,,-1,-1,-1,,,72429,18,true,false,,ARDAR00014,,2010-07-15T22:00:00Z,2002-04-10T22:00:00Z,1,false,"Crta ZA-L-2217, junto a casco urbano de Formariz.",Pradera de La Noria (Formariz),1,1,2,false,8567,4,,false,1,POINT (-6.292279363986687 41.344526920589047)
,,,,,,-1,-1,-1,,,72430,18,true,false,,ARDAR00015,,2010-07-15T22:00:00Z,2002-04-10T22:00:00Z,1,false,En el casco urbano de Moralina.,Corral de Concejo (Moralina),3,1,2,false,159,3,,false,1,POINT (-6.134744731895765 41.48917467514638)
,,,,,,-1,-1,-1,,,72431,18,true,false,,ARDAR00016,,2010-07-15T22:00:00Z,2002-04-10T22:00:00Z,1,false,Carretera,Merendero de Lumbrales El Colmenar,1,1,2,false,0,4,,false,1,POINT (-6.676977647038433 40.969060682371364)
,,,,,,-1,-1,-1,,,72432,18,true,false,,ARDAR00017,,2010-07-15T22:00:00Z,2002-04-10T22:00:00Z,1,true,Carretera,Área Recreativa de Vallito Redondo,3,1,2,false,0,2,,false,2,POINT (-6.626419653017891 41.159770241477688)
,,,,,,-1,-1,-1,,,72433,18,true,false,,ARDAR00018,,2010-07-15T22:00:00Z,2002-04-10T22:00:00Z,1,true,Pista asfaltada,Playa del Rostro,2,1,2,false,0,2,,false,2,POINT (-6.596948657595678 41.244767929392538)
,,,,,,-1,-1,-1,,,72434,18,true,false,,ARDAR00019,,2010-07-15T22:00:00Z,2002-04-10T22:00:00Z,1,true,Pista,Merendero Los Molinos,1,1,2,false,0,4,,false,1,POINT (-6.649753991889769 41.020218155029887)
,,,,,,-1,-1,-1,,,72435,18,true,false,,ARDAR00020,,2010-07-15T22:00:00Z,2002-04-10T22:00:00Z,1,false,Pista asfaltada,Área recreativa de La Barca,2,1,2,false,0,3,,false,2,POINT (-6.752324372391675 41.106931459377968)
,,,,,,-1,-1,-1,,,72436,18,true,false,,ARDAR00021,,2010-07-15T22:00:00Z,2002-04-10T22:00:00Z,1,true,Pista,Área recreativa La Peña,3,1,2,false,0,3,,false,2,POINT (-6.512276698620933 41.177616254159325)
,,,,,,-1,-1,-1,,,72437,18,true,false,,ARDAR00022,,2010-07-15T22:00:00Z,2002-04-10T22:00:00Z,1,false,Carretera,Merendero Molino de La Vega,1,1,2,false,0,4,,false,1,POINT (-6.791699582943421 40.937701370881321)
,,,,,,-1,-1,-1,,,72438,18,true,false,,ARDAR00023,,2010-07-15T22:00:00Z,2002-04-10T22:00:00Z,1,true,Carretera,Área Recreativa El Valle de Saldeana,3,1,2,false,0,3,,false,2,POINT (-6.638576435659432 41.021178492564758)
,,,,,,-1,-1,-1,,,72439,18,true,false,,ARDAR00024,,2010-07-15T22:00:00Z,2002-04-10T22:00:00Z,1,true,Carretera,Vega Terrón,1,1,2,false,0,4,,false,2,POINT (-6.92795431463823 41.02375638394701)
,,,,,,-1,-1,-1,,,72440,18,true,false,,ARDAR00025,,2010-07-15T22:00:00Z,2002-04-10T22:00:00Z,1,false,Pista,Merendero La Bouza,3,1,2,false,0,5,,false,1,POINT (-6.81109920795055 40.814094146150424)
,,,,,,-1,-1,-1,,,72441,18,true,false,,ARDAR00026,,2010-07-15T22:00:00Z,2002-04-10T22:00:00Z,1,true,Carretera,Área recreativa de Fuentes de Masueco,3,1,2,false,0,2,,false,2,POINT (-6.552690255600218 41.163477368465422)
,,,,,,-1,-1,-1,,,72442,18,true,false,,ARDAR00027,,2010-07-15T22:00:00Z,2002-04-10T22:00:00Z,1,false,Pista asfaltada,Ermita Pereña,1,1,2,false,0,4,,false,2,POINT (-6.527622684467872 41.262978770166853)
,,,,,,-1,-1,-1,,,72443,18,true,false,,ARDAR00028,,2010-07-15T22:00:00Z,2002-04-10T22:00:00Z,1,true,Pista,Área recreativa del Pozo de los Humos,1,1,2,false,0,4,,false,2,POINT (-6.553209743184438 41.223455131062899)
,,,,,,-1,-1,-1,,,72444,18,true,false,,ARDAR00029,,2010-07-15T22:00:00Z,2002-04-10T22:00:00Z,1,true,Pista asfaltada,Teso de San Cristobal,1,1,2,false,0,4,,false,2,POINT (-6.439331397493698 41.278511321005944)
,,,,,,-1,-1,-1,,,72445,18,true,false,,ARDAR00030,,2010-07-15T22:00:00Z,2002-04-10T22:00:00Z,1,false,Carretera,Llano de la Bodega,1,1,2,false,0,4,,false,1,POINT (-6.677499046862216 41.210016418013772)
,,,,,,-1,-1,-1,,,72446,18,true,false,,ARDAR00031,,2010-07-15T22:00:00Z,2002-04-10T22:00:00Z,1,false,Carretera,Merendero de las Uces de Masueco,1,1,2,false,0,4,,false,1,POINT (-6.564310763210543 41.189843402149791)
,,,,,,-1,-1,-1,,,72447,18,true,false,,ARDAR00032,,2010-07-15T22:00:00Z,2002-04-10T22:00:00Z,1,false,Carretera,Parque infantil Ermita del Cristo,3,1,2,false,0,2,,false,2,POINT (-6.667072329430218 40.997899420147526)
,,,,,,-1,-1,-1,,,72448,18,true,false,,ARDAR00033,,2010-07-15T22:00:00Z,2002-04-10T22:00:00Z,1,true,Carretera,El Llano,3,1,2,false,0,7,,false,1,POINT (-6.794051187080309 41.044292483965428)
,,,,,,-1,-1,-1,,,72449,18,true,false,,ARDAR00034,,2010-07-15T22:00:00Z,2002-04-10T22:00:00Z,1,false,Carretera,Merendero La Laguna,2,1,2,false,0,3,,false,1,POINT (-6.785186153257951 40.962706579814508)
,,,,,,-1,-1,-1,,,72450,18,true,false,,ARDAR00035,,2010-07-15T22:00:00Z,2002-04-10T22:00:00Z,1,true,Carretera,Área recreativa de Vilvestre,3,1,2,false,0,2,,false,2,POINT (-6.728181899356551 41.104989557105391)
,,,,,,-1,-1,-1,,,72451,18,true,false,,ARDAR00036,,2010-07-15T22:00:00Z,2002-04-10T22:00:00Z,1,true,Pista,Área recreativa del Pozo de los Humos,1,1,2,false,0,4,,false,2,POINT (-6.575557654481583 41.216875855765558)
,,,,,,-1,-1,-1,,,72452,18,true,false,,ARDAR00037,,2010-07-15T22:00:00Z,2009-12-30T23:00:00Z,1,true,Carretera,Pozo de La Fregeneda,3,1,2,false,0,2,,false,2,POINT (-6.863387345894512 40.985052897530892)
,,,,,,-1,-1,-1,,,72453,18,true,false,,ARDAR00038,,2010-07-15T22:00:00Z,2008-06-26T22:00:00Z,1,false,Carretera,Chopera de Barruecopardo,3,1,2,false,0,2,,false,1,POINT (-6.67138660899982 41.077212483729241)
,,,,,,-1,-1,-1,,,72454,18,true,false,,ARDAR00039,"No dispone de infraestructura de uso público, se han arreglado únicamente unos abrevaderos existentes",2010-07-15T22:00:00Z,2009-12-30T23:00:00Z,1,true,Pista,Área natural de Los Navazos,1,1,2,false,0,4,,false,1,POINT (-6.651336347693253 41.158191695470357)
,,,,,,-1,-1,-1,,,72455,18,true,false,,ARDAR00040,,2010-07-15T22:00:00Z,2009-12-30T23:00:00Z,1,true,Pista,Colagón del Tío Paco,3,1,1,false,0,2,,false,2,POINT (-6.698903493184349 41.173383171772898)
,,,,,,-1,-1,-1,,,72456,18,true,false,,ARDAR00041,Se colocaron unas mesas de piedra en un área (antigua escombrera) restaurada por el Ayuntamiento,2010-07-15T22:00:00Z,2009-12-30T23:00:00Z,1,false,Carretera,Merendero de Saucelle,2,1,2,false,0,2,,false,1,POINT (-6.753662970850786 41.052627114132164)
,,,,,,-1,-1,-1,,,72457,18,true,false,,ARDAR00042,,2010-07-15T22:00:00Z,2008-06-26T22:00:00Z,1,true,Pista,Merendero de Las Janas,3,1,2,false,0,2,,false,1,POINT (-6.75875970218454 41.033577319025596)
,,,,,,-1,-1,-1,,,72458,18,true,false,,ARDAR00043,Se realizó un acondicionamiento por parte del Parque Natural,2010-07-15T22:00:00Z,2008-06-26T22:00:00Z,1,false,Carretera,Parque municipal de Cerezal de Peñahorcada,3,1,2,false,0,5,,false,1,POINT (-6.653310167421245 41.129590103065176)
,,,,,,-1,-1,-1,,,72459,18,true,false,,ARDAR00044,,2010-07-15T22:00:00Z,2008-06-26T22:00:00Z,1,false,Pista,Teso de Cerezal de Peñahorcada,1,1,2,false,0,4,,false,1,POINT (-6.663739450265395 41.120020699750654)
,,,,,,-1,-1,-1,,,72460,18,true,false,,ARDAR00045,Se acondicionó colocando unos bancos de piedra,2010-07-15T22:00:00Z,2008-12-30T23:00:00Z,1,false,Carretera,Entorno de la ermita de La Peña,1,1,2,false,0,4,,false,1,POINT (-6.521264812286028 41.174144430889712)
,,,,,,-1,-1,-1,,,89097,18,true,true,false,SGRAR00019,Árbol catalogado. Cabañas de pastores restauradas cercanas.Aparacamientos. Inicio de sendas. Kiosco. Agua frecuente.,2010-06-14T22:00:00Z,1996-06-19T22:00:00Z,1,true,"Pista forestal asfaltada del Nogal de Barranco, en Guisando. A 4,7 Km. del pueblo de Guisando.",Nogal del Barranco,1,1,3,false,14000,1,,false,2,POINT (-5.162591629578532 40.234194934057953)
,,,,,,-1,-1,-1,,,76239,18,true,true,,BSFAR00002,La barbacoa tiene matachispas,2011-06-08T22:00:00Z,2000-07-10T22:00:00Z,1,true,Este área recreativa está situada en la segunda carretera que va a Monforte de la Sierra y a la que se accede desde la carretera que va de La Alberca a Sotoserrano.,El Hortigal,3,1,2,true,4190,11,,false,2,POINT (-6.07108511608089 40.470718559085483)
,,,,,,-1,-1,-1,,,76240,18,true,true,,BSFAR00003,,2011-06-08T22:00:00Z,2000-07-10T22:00:00Z,1,true,"Este área recreativa se encuentra situada en la carretera que va desde de El Maíllo a Monsagro y Serradilla del Arroyo. A unos 6,5 km de la población de El Maíllo.",El Pinalejo,3,1,2,true,3760,10,,false,2,POINT (-6.240652575415616 40.539102555270375)
,,,,,,-1,-1,-1,,,76241,18,true,true,,BSFAR00004,"En las inmediaciones de esta área recreativa se inicia el sendero GR 10 hacia la Peña de Francia.
La barbacoa tiene matachispas",2011-06-08T22:00:00Z,2000-07-10T22:00:00Z,1,true,"Este área recreativa está a unos 5,5 km del pueblo de Monsagro por una pista que sale por la parte oeste del pueblo.",El Vao,3,1,2,true,8680,10,,false,2,POINT (-6.310771158126171 40.492268921865069)
,,,,,,-1,-1,-1,,,76242,18,true,true,,BSFAR00005,,2011-06-08T22:00:00Z,2000-07-10T22:00:00Z,1,false,"Este merendero está situado en la carretera que va de La Alberca a Sotoserrano, a unos 7,5 km de la población de La Alberca.",Fuente de Madroñal,2,1,2,true,700,11,,false,1,POINT (-6.066126287595869 40.465345888985837)
,,,,,,-1,-1,-1,,,76243,18,true,true,,BSFAR00006,"En las inmediaciones de este área recreativa se inicia el sendero adaptado ""Senda de los Castaños Centenarios"" y el sendero PRCSA-17.
La barbacoa tiene matachispas",2011-06-08T22:00:00Z,2000-07-10T22:00:00Z,1,false,"Este área recreativa está ubicado a la salida de la población de El Casarito (Nava de Francia), en la carretera SA- 201 (El Cabaco-La Alberca) .",Fuente del Cántaro,3,1,1,true,3880,11,,false,2,POINT (-6.137815356247988 40.521344255353227)
,,,,,,-1,-1,-1,,,76244,18,true,true,,BSFAR00007,,2011-06-08T22:00:00Z,2000-07-10T22:00:00Z,1,false,Este merendero está situado en la carretera que baja desde la población de La Alberca al Valle de Las Batuecas.,Fuente del Tío Chelo,1,1,1,true,40,1,,false,1,POINT (-6.1178661580536 40.46186237189395)
,,,,,,-1,-1,-1,,,76245,18,true,true,,BSFAR00008,,2011-06-08T22:00:00Z,2000-07-10T22:00:00Z,1,false,"Este merendero está situado en la carretera que desde Monsagro a la Peña de Francia, a 1,5 km de la población de Monsagro.",Fuente La Fría,1,1,2,true,100,1,,false,1,POINT (-6.258885894511306 40.510349365494811)
,,,,,,-1,-1,-1,,,76246,18,true,true,,BSFAR00009,"Por la parte más alta de esta área recreativa pasa el sendero GR 10 en el tramo que va desde La Alberca a Monforte de la Sierra.
Una de las barbacoas tiene matachispas.",2011-06-08T22:00:00Z,2000-07-10T22:00:00Z,1,true,"Este área recreativa está situada a un 1,3 km del casco urbano de La Alberca en la carretera que va desde La Alberca a Mogarraz y Sotoserrano.",Fuente Castaño,3,1,2,true,19000,11,,false,2,POINT (-6.096883070658556 40.489108840560725)
,,,,,,-1,-1,-1,,,76247,18,true,true,,BSFAR00010,"En las inmediaciones de este área recreativa está ubicado el camping ""Las Cávenes"". Este área recreativa está dotado de zona deportiva con frontón, campo de fútbol, pista polideportiva, además de contar con el centro de interpretación de la minería romana",2011-06-08T22:00:00Z,2000-07-10T22:00:00Z,1,true,Este área recreativa se encuentra a unos 500 m del pueblo de El Cabaco por la carretera SA-220 (a Ciudad Rodrigo).,La Dehesa,3,1,1,true,11000,12,,false,2,POINT (-6.133735412489028 40.567574977556369)
,,,,,,-1,-1,-1,,,76248,18,true,true,,BSFAR00011,,2011-06-08T22:00:00Z,2000-07-10T22:00:00Z,1,true,"Este merendero está situado en la carretera SA-225 (Sotoserrano-Ríomalo de Abajo (Cáceres)) a unos 4,4 km de la población de Sotoserrano.",La Ferrería,3,1,2,true,11900,10,,false,1,POINT (-6.048050872254573 40.41202714239904)
,,,,,,-1,-1,-1,,,76249,18,true,true,,BSFAR00012,"Este área recreativa cuenta con una pequeña piscina y con zona deportiva (frontón, pista fútbol)
Dos de las barbacoas tienen matachispas",2011-06-08T22:00:00Z,2000-07-10T22:00:00Z,1,true,Este área recreativa está situada a las afueras del pueblo de El Maíllo (a unos 500 m) en la carretera que va desde El Maíllo a La Alberca y Peña de Francia.,La Hoya,3,1,2,true,8600,11,,false,2,POINT (-6.177113612273901 40.56151067306115)
,,,,,,-1,-1,-1,,,76250,18,true,true,,BSFAR00013,La barbacoa tiene matachispas,2011-06-08T22:00:00Z,2000-07-10T22:00:00Z,1,false,Este área recreativa está situada a unos 3 km de San Martín del Castañar. En la carretera que va desde la población de El Casarito (Nava de Francia) hasta la población de San Martín del Castañar.,La Legoriza,3,1,2,true,1180,11,,false,2,POINT (-6.097219296958259 40.522405152319848)
,,,,,,-1,-1,-1,,,76251,18,true,true,,BSFAR00014,,2011-06-08T22:00:00Z,2000-07-10T22:00:00Z,1,true,Este área recreativa está situada dentro del casco urbano de la población de Nava de Francia,La Mata,3,1,2,true,13820,11,,false,2,POINT (-6.114267520302417 40.533644920556014)
,,,,,,-1,-1,-1,,,76252,18,true,true,,BSFAR00015,,2011-06-08T22:00:00Z,2000-07-10T22:00:00Z,1,true,"A este área recreativa se accede por una pista que sale del mirador de Madroñal (mirador que está situado en la carretera que va de La Alberca a Sotoserrano), una vez en esta pista a unos 350 m. coger la primera pista que sale a la izquierda, al final de",La Pradera,1,1,2,true,620,1,,false,2,POINT (-6.054870610827289 40.475826420648801)
,,,,,,-1,-1,-1,,,76253,18,true,true,,BSFAR00016,"Este área recreativa está situada en el sendero GR 10, en el tramo que une Miranda del Castañar con Mogarraz
La barbacoa tiene matachispas",2011-06-08T22:00:00Z,2000-07-10T22:00:00Z,1,true,"Este área recreativa está situada en la carretera que va desde la población de Mogarraz a la población de Miranda del Castañar, a unos 2 km de Miranda del Castañar.",La Regajera,3,1,2,true,7170,10,,false,2,POINT (-6.011292945200069 40.485850491769106)
,,,,,,-1,-1,-1,,,76254,18,true,true,,BSFAR00017,La barbacoa tiene matachispas,2011-06-08T22:00:00Z,2000-07-10T22:00:00Z,1,false,"Este área recreativa está ubicada en la población de El Casarito (Nava de Francia), en el cruce de la carretera que sube a la Peña de Francia desde esta población .",Las Eras,3,1,2,true,3825,11,,false,2,POINT (-6.13917110801804 40.526531495973231)
,,,,,,-1,-1,-1,,,89105,18,true,false,false,SGRAR00027,"Entre dos brazos del rio Tormes. Amplio y llano, cercano a campamentos de verano.",2010-06-14T22:00:00Z,1996-06-19T22:00:00Z,1,true,Desde Navarredonda de Gredos con dirección a Valdeascas o el rio Tormes pasado el camping y el primer puentecillo sobre el Tormes,Tamborrios,2,1,3,false,4500,11,,false,1,POINT (-5.130174277233303 40.338065482769146)
,,,,,,-1,-1,-1,,,76256,18,true,true,,BSFAR00019,,2011-06-08T22:00:00Z,2000-07-10T22:00:00Z,1,true,Este merendero está a 1 km del pueblo de Mogarraz por la carretera que va desde esta población a la población de Miranda del Castañar.,Peña La Cabra,3,1,2,true,1200,11,,false,1,POINT (-6.039495352176606 40.492415767381132)
,,,,,,-1,-1,-1,,,79239,18,true,false,,HERAR00031,"Pesadas, con fuente, lavadero y abrevadero",2011-06-08T22:00:00Z,2004-08-25T22:00:00Z,3,false,Calle,Pesadas,1,1,2,false,0,4,,false,1,POINT (-3.617990705569254 42.768282004634266)
,,,,,,-1,-1,-1,,,76257,18,true,true,,BSFAR00020,La barbacoa tiene matachispas,2011-06-08T22:00:00Z,2000-07-10T22:00:00Z,1,false,"Este área recreativa está ubicada en la carretera que va desde Mogarraz a la población de Las Casas del Conde, a unos 3,8 km de la población de Mogarraz.",Peñalvo,3,1,2,true,590,11,,false,2,POINT (-6.046173564775957 40.504978312353145)
,,,,,,-1,-1,-1,,,76258,18,true,true,,BSFAR00021,La barbacoa tiene matachispas,2011-06-08T22:00:00Z,2000-07-10T22:00:00Z,1,true,"Este área recreativa se encuentra a unos 3 km de el pueblo de El Cabaco. Está situada en la carretera SA-203, carretera que sube a la Peña de Francia y a la que se accede por la carretera SA-201 (El Cabaco-La Alberca).",Río Gabín,3,1,2,true,10700,11,,false,2,POINT (-6.138574226599801 40.540394092949228)
,,,,,,-1,-1,-1,,,76259,18,true,false,,BSFAR00022,,2011-06-08T22:00:00Z,2000-07-10T22:00:00Z,2,false,,Vega de Francia,4,3,2,true,0,4,,false,3,POINT (-6.009664547773916 40.430372142987416)
,,,,,,-1,-1,-1,,,77559,18,true,true,,CRLAR00001,Son mesas de madera con bancos adosados. Cuatro de las mesas se recogen durante el invierno. Barbacoas con matachispas.,2010-04-15T22:00:00Z,1989-01-14T23:00:00Z,1,true,Pista forestal dede Santa María de las Hoyas,Fuente del Pino,3,1,2,true,3300,11,,false,2,POINT (-3.143251380727981 41.793222631801292)
,,,,,,-1,-1,-1,,,77560,18,true,true,,CRLAR00002,Son mesas de piedra con bancos adosados. Hay un restaurante de propiedad particular. Pendiente de colocar matachispas en las barbacoas.,2010-04-15T22:00:00Z,1989-01-14T23:00:00Z,1,true,Pista forestal de entrada al cañón desde El Nacedero,Fuente Engomez,1,1,2,true,3300,1,,false,2,POINT (-3.048004368593757 41.733735292528863)
,,,,,,-1,-1,-1,,,77561,18,true,true,,CRLAR00003,Son mesas de piedra con bancos adosados. Hay un helipuerto y punto de agua para servicio de incendios,2010-04-15T22:00:00Z,2005-01-14T23:00:00Z,1,true,Carretera S0-960 PK 5,Siete Ojos,2,1,1,true,6100,11,,false,2,POINT (-3.106905169275948 41.794196633590083)
,,,,,,-1,-1,-1,,,77562,18,true,true,,CRLAR00004,Son mesas de piedra con bancos adosados.,2010-04-15T22:00:00Z,2005-01-14T23:00:00Z,1,false,Camino agrícola desde Hontoria del Pinar.,Agualinos,1,1,1,true,4800,1,,false,2,POINT (-3.154944878091823 41.842582850618328)
,,,,,,-1,-1,-1,,,78534,18,true,false,,FCCAR00001,Área recreativa junto a la carretera. Mesas de piedra con un banco a cada lado y barbacoas dobles de piedra.,2009-12-16T23:00:00Z,2009-03-12T23:00:00Z,1,false,,Área Recreativa Puente Agudín,3,1,2,false,0,11,,false,2,POINT (-4.758588883984139 42.930128780298602)
,,,,,,-1,-1,-1,,,78535,18,true,false,,FCCAR00002,,2009-12-16T23:00:00Z,2000-07-26T22:00:00Z,3,true,,Área recreativa de Ruesga,4,1,2,false,0,4,,false,2,POINT (-4.538970449507906 42.865644033579812)
,,,,,,-1,-1,-1,,,79049,18,true,false,,FNTAR00001,Esta junto a la Ermita y a la necrópolis. Está dotado de riego,2010-05-27T22:00:00Z,2005-01-14T23:00:00Z,1,false,Pista forestal de La Fuentona,Ermita de la Virgen del Valle,3,1,3,true,400,16,,false,4,POINT (-2.857681143119858 41.72719127689178)
,,,,,,-1,-1,-1,,,79210,18,true,false,,HERAR00001,Hay una pista de bolos,2010-05-03T22:00:00Z,2004-08-25T22:00:00Z,1,false,,San Felices del Rudrón,1,1,1,false,0,1,,false,2,POINT (-3.801370635284123 42.751791835611428)
,,,,,,-1,-1,-1,,,79211,18,true,false,,HERAR00002,,2010-05-03T22:00:00Z,2004-08-25T22:00:00Z,3,false,,San Felices del Rudrón,1,2,2,false,0,1,,false,1,POINT (-3.802422302871855 42.753229717916582)
,,,,,,-1,-1,-1,,,79212,18,true,false,,HERAR00003,Se extiende a ambos lados del camino,2010-05-03T22:00:00Z,2004-08-25T22:00:00Z,1,false,,Escalada,1,1,2,false,0,1,,false,1,POINT (-3.776993343995694 42.810350001340261)
,,,,,,-1,-1,-1,,,79213,18,true,false,,HERAR00004,,2010-05-03T22:00:00Z,2004-08-25T22:00:00Z,1,false,,Tablado del Rudrón,3,1,2,false,0,5,,false,2,POINT (-3.842633855374598 42.723796361826217)
,,,,,,-1,-1,-1,,,79214,18,true,false,,HERAR00005,,2010-05-03T22:00:00Z,2004-08-25T22:00:00Z,1,false,,Bañuelos del Rudrón,1,1,1,false,0,1,,false,2,POINT (-3.857542049904144 42.690431359804876)
,,,,,,-1,-1,-1,,,79215,18,true,false,,HERAR00006,,2010-05-03T22:00:00Z,2004-08-25T22:00:00Z,1,false,,Pesquera de Ebro,1,1,1,false,0,1,,false,1,POINT (-3.718344515954846 42.803976374852112)
,,,,,,-1,-1,-1,,,79216,18,true,false,,HERAR00007,,2011-06-08T22:00:00Z,2004-08-25T22:00:00Z,2,false,,Ayoluengo,2,3,2,false,0,9,,false,1,POINT (-3.866968290805816 42.747592894984315)
,,,,,,-1,-1,-1,,,79217,18,true,false,,HERAR00008,,2010-06-02T22:00:00Z,2004-08-25T22:00:00Z,3,false,A la entrada de Barrio,Barrio Panizares,1,1,2,false,500,1,,false,1,POINT (-3.963796740571645 42.717800910639582)
,,,,,,-1,-1,-1,,,79218,18,true,false,,HERAR00009,,2010-06-02T22:00:00Z,2004-08-25T22:00:00Z,3,false,En Barrio Panizares,Barrio Panizares,1,1,2,false,5000,1,,false,1,POINT (-3.961441903053402 42.716361839362236)
,,,,,,-1,-1,-1,,,79219,18,true,false,,HERAR00010,,2010-06-02T22:00:00Z,2004-08-25T22:00:00Z,1,false,En Moradillo del Castillo,Moradillo del Castillo,2,1,2,false,500,9,,false,2,POINT (-3.889333668626747 42.68855054113525)
,,,,,,-1,-1,-1,,,79220,18,true,false,,HERAR00011,,2010-06-02T22:00:00Z,2004-08-25T22:00:00Z,1,false,En Santa Coloma,Santa Coloma,1,1,1,false,100,1,,false,2,POINT (-3.877438707126434 42.687300479037354)
,,,,,,-1,-1,-1,,,79221,18,true,false,,HERAR00012,,2010-06-02T22:00:00Z,2004-08-25T22:00:00Z,4,false,En el Camino de Santa Coloma a Terradillos,Santa Coloma,1,1,1,false,300,1,,false,1,POINT (-3.835513777041053 42.655797795733257)
,,,,,,-1,-1,-1,,,79222,18,true,false,,HERAR00013,,2010-06-02T22:00:00Z,2004-08-25T22:00:00Z,1,false,En Ayoluengo,Ayoluengo,2,1,1,false,300,9,,false,2,POINT (-3.867073369940423 42.747688267617811)
,,,,,,-1,-1,-1,,,79223,18,true,false,,HERAR00014,,2010-06-02T22:00:00Z,2004-08-25T22:00:00Z,1,false,En Ayoluengo,Ayoluengo,2,1,1,false,400,7,,false,2,POINT (-3.865834853351396 42.748246961972612)
,,,,,,-1,-1,-1,,,79224,18,true,false,,HERAR00015,,2010-06-02T22:00:00Z,2004-08-25T22:00:00Z,4,false,En Sargentes de la Lora,Sargentes de la Lora,1,1,1,false,100,1,,false,2,POINT (-3.87186759693182 42.768931367809436)
,,,,,,-1,-1,-1,,,79225,18,true,false,,HERAR00016,,2010-06-02T22:00:00Z,2004-08-25T22:00:00Z,4,false,En Sargentes de la Lora Track-3-junio-10,Sargentes de la Lora,1,1,2,false,0,1,,false,1,POINT (-3.873671449631996 42.766828395843831)
,,,,,,-1,-1,-1,,,79226,18,true,false,,HERAR00017,Area de descanso con 1 cubo de basura,2011-06-08T22:00:00Z,2004-08-25T22:00:00Z,3,true,Carretera,N-623,2,1,2,false,0,12,,false,1,POINT (-3.801441323474838 42.721884305584489)
,,,,,,-1,-1,-1,,,79227,18,true,false,,HERAR00018,Fuente no potable. Dos cubos de basura,2011-06-08T22:00:00Z,2004-08-25T22:00:00Z,3,true,Carretera,N-623,2,1,2,false,0,12,,false,1,POINT (-3.800461437477337 42.715965629117328)
,,,,,,-1,-1,-1,,,79228,18,true,false,,HERAR00020,Area de descanso con 1 cubo de basura,2011-06-08T22:00:00Z,2004-08-25T22:00:00Z,3,true,Carretera,N-623,1,1,2,false,0,4,,false,1,POINT (-3.802435738310591 42.693843593438409)
,,,,,,-1,-1,-1,,,79229,18,true,false,,HERAR00021,Area de descanso con 2 cubo de basura,2011-06-08T22:00:00Z,2004-08-25T22:00:00Z,3,true,Carretera,N-623,1,1,2,false,0,4,,false,1,POINT (-3.796586636354967 42.68417658986138)
,,,,,,-1,-1,-1,,,79230,18,true,false,,HERAR00022,Area de descanso con 1 cubo de basura,2011-06-08T22:00:00Z,2004-08-25T22:00:00Z,3,true,Carretera,N-623,1,1,2,false,0,4,,false,1,POINT (-3.802105817772489 42.705201705337586)
,,,,,,-1,-1,-1,,,79231,18,true,false,,HERAR00023,Area de descanso con 2 cubo de basura,2011-06-08T22:00:00Z,2004-08-25T22:00:00Z,3,true,Carretera,N-623,2,1,2,false,0,6,,false,1,POINT (-3.803595647200305 42.745904462319928)
,,,,,,-1,-1,-1,,,79232,18,true,false,,HERAR00024,,2011-06-08T22:00:00Z,2004-08-25T22:00:00Z,3,false,Carretera,San Felices del Rudrón,1,1,2,false,0,4,,false,1,POINT (-3.802063095424238 42.752128874668195)
,,,,,,-1,-1,-1,,,79233,18,true,false,,HERAR00025,Junto a rio,2011-06-08T22:00:00Z,2004-08-25T22:00:00Z,3,false,Puente,San Felices del Rudrón,1,1,2,false,0,4,,false,1,POINT (-3.801827550905777 42.752814927803186)
,,,,,,-1,-1,-1,,,79234,18,true,false,,HERAR00026,Vistas panorámicas con 3 cubos de basura,2011-06-08T22:00:00Z,2004-08-25T22:00:00Z,3,true,Carretera,Valdelateja,2,1,2,false,0,6,,false,1,POINT (-3.773167017686317 42.773985356208371)
,,,,,,-1,-1,-1,,,79235,18,true,false,,HERAR00027,Vistas panorámicas con 3 cubos de basura,2011-06-08T22:00:00Z,2004-08-25T22:00:00Z,3,true,Carretera,Quintanilla Escalada,2,1,2,false,0,6,,false,1,POINT (-3.766398185145476 42.789105684312133)
,,,,,,-1,-1,-1,,,79236,18,true,false,,HERAR00028,Junto al Rudrón,2011-06-08T22:00:00Z,2004-08-25T22:00:00Z,3,false,Calle,Covanera,1,1,2,false,0,4,,false,1,POINT (-3.801714120431672 42.735480472325797)
,,,,,,-1,-1,-1,,,79237,18,true,false,,HERAR00029,5 cubos de basura,2011-06-08T22:00:00Z,2004-08-25T22:00:00Z,3,false,Pasarela,Tablada del Rudrón,2,1,2,false,0,12,,false,1,POINT (-3.842638780375137 42.72378591048129)
,,,,,,-1,-1,-1,,,79238,18,true,false,,HERAR00030,Campa junto a la Ermita,2011-06-08T22:00:00Z,2004-08-25T22:00:00Z,3,false,A pie,Ermita Tablada,1,2,2,false,0,4,,false,1,POINT (-3.840623095929858 42.725565771363591)
,,,,,,-1,-1,-1,,,79240,18,true,false,,HERAR00032,Plaza de Dobro,2011-06-08T22:00:00Z,2004-08-25T22:00:00Z,1,false,Calle,Plaza Fuente Cadalso,1,1,3,false,0,4,,false,1,POINT (-3.63287837980879 42.80793200385606)
,,,,,,-1,-1,-1,,,79241,18,true,false,,HERAR00033,Junto al rio,2011-06-08T22:00:00Z,2004-08-25T22:00:00Z,3,false,Calle,Valdelateja,1,1,2,false,0,4,,false,1,POINT (-3.768631965362578 42.774970446101115)
,,,,,,-1,-1,-1,,,79242,18,true,false,,HERAR00034,Se accede en sentido Burgos,2011-06-08T22:00:00Z,2004-08-25T22:00:00Z,1,true,Carretera,Quintanilla Escalada,2,1,1,false,0,6,,false,1,POINT (-3.766200463346335 42.788935907515743)
,,,,,,-1,-1,-1,,,79243,18,true,false,,HERAR00035,1 mesa de pin-pon,2011-06-08T22:00:00Z,2004-08-25T22:00:00Z,1,false,Calle,La Isla,1,1,2,false,0,4,,false,1,POINT (-3.777171395858961 42.810717697335399)
,,,,,,-1,-1,-1,,,80296,18,true,true,,HRDAR00001,,2010-02-14T23:00:00Z,1989-06-26T22:00:00Z,1,false,,Carrascal Pueblo,3,1,2,false,1000,9,,false,2,POINT (-3.896177676039354 41.367043181187299)
,,,,,,-1,-1,-1,,,80297,18,true,true,,HRDAR00002,,2010-02-14T23:00:00Z,2004-05-31T22:00:00Z,1,true,,Carrascal Río,3,1,2,false,2000,9,,false,2,POINT (-3.902377926273004 41.366056063097616)
,,,,,,-1,-1,-1,,,80298,18,true,true,,HRDAR00003,,2010-02-14T23:00:00Z,2004-05-31T22:00:00Z,1,true,,Área recreativa de Sebúlcor,3,1,2,false,1000,9,,false,2,POINT (-3.889915916114369 41.271006087312472)
,,,,,,-1,-1,-1,,,80299,18,true,true,,HRDAR00004,,2010-02-14T23:00:00Z,2004-05-31T22:00:00Z,3,false,,Fuente de la Salud,2,1,2,false,300,21,,false,2,POINT (-3.719206296853225 41.298706954896652)
,,,,,,-1,-1,-1,,,80300,18,false,true,,HRDAR00005,,2010-02-15T23:00:00Z,2004-05-31T22:00:00Z,3,false,,El Plantío,1,2,2,false,300,1,,false,1,POINT (-3.737156104326266 41.299624118865445)
,,,,,,-1,-1,-1,,,80301,18,false,true,,HRDAR00006,,2010-02-16T23:00:00Z,2004-05-31T22:00:00Z,3,false,,Los Lavaderos,1,2,2,false,200,1,,false,1,POINT (-3.732748244204822 41.301027643628352)
,,,,,,-1,-1,-1,,,80587,18,true,false,,HRRAR00001,,2010-05-31T22:00:00Z,2010-02-27T23:00:00Z,1,true,"Partiendo de Montejo de la Vega, cruzamos el puente de acceso a la localidad desde la carretera de Fuentelcesped y continuamos por el camino que encontramos a la izquierda, al lado del margen del río Riaza, durante aproximadamente un kilómetro doscientos metros.",La Pisadera,3,1,1,false,5000,9,,false,2,POINT (-3.664012781498985 41.547766768781244)
,,,,,,-1,-1,-1,,,80588,18,true,false,,HRRAR00002,,2010-05-31T22:00:00Z,2009-05-31T22:00:00Z,1,true,"Partiendo de Maderuelo, en dirección al camino de los huertos, continuamos por el marquen izquierdo del embalse de Linares del Arroyo durante aproximadamente un kilómetro doscientos metros.",La Rivilla,2,1,1,false,4000,9,,false,2,POINT (-3.515768500606146 41.491151838679983)
,,,,,,-1,-1,-1,,,80589,18,true,false,,HRRAR00003,,2010-05-31T22:00:00Z,2009-05-31T22:00:00Z,3,false,La entrada a esta área recreativa está situada en la intersección entre la carretera C-114 y el puente de acceso a Maderuelo sobre el embalse de Linares del Arroyo.,Vera Cruz,2,1,2,false,7000,9,,false,2,POINT (-3.518441875928742 41.484910259393395)
,,,,,,-1,-1,-1,,,81552,18,true,false,false,LGNAR00001,,2010-05-25T22:00:00Z,2008-12-08T23:00:00Z,3,false,Desde Neila dirección Vilavelallo (La Rioja),La Cerrrada,3,1,3,false,0,6,,false,1,POINT (-2.980964951420108 42.080929455779433)
,,,,,,-1,-1,-1,,,81553,18,true,false,,LGNAR00002,,2010-05-25T22:00:00Z,2008-12-08T23:00:00Z,1,false,En casco urbano de Neila junto a la plaza municipal,La Cueva,3,1,3,false,300,6,,false,1,POINT (-2.997212826974197 42.05969404764042)
,,,,,,-1,-1,-1,,,81666,18,true,false,,LNUAR00001,,2010-06-13T22:00:00Z,2010-03-01T23:00:00Z,3,false,"Por la pista forestal asfaltada que parte a mano izquierda a la entrada de Covaleda llegando desde Duruelo de la Sierra, a 10,4 km mano izquierda junto a la pista.",Bocalprado,2,1,2,true,0,4,,false,1,POINT (-2.838616685922138 41.946160515487534)
,,,,,,-1,-1,-1,,,81667,18,true,false,,LNUAR00002,Los contenedores son bidones.,2010-06-13T22:00:00Z,2010-03-01T23:00:00Z,3,false,"Por la carretera SO-850 de Covaleda a Duruelo de la Sierra, a la entrada de Duruelo parte una pista asfaltada señalizada a mano derecha que tras finalizar continua por un camino a mano izquierda que tras 0,8 km conduce al me",Castroviejo,3,1,2,true,10000,11,,false,1,POINT (-2.920965422295243 41.987650152698002)
,,,,,,-1,-1,-1,,,81668,18,true,false,,LNUAR00003,,2010-06-13T22:00:00Z,2010-03-01T23:00:00Z,3,false,"Por la pista forestal asfaltada que parte a mano izquierda a la entrada de Covaleda llegando desde Duruelo de la Sierra, a 4 km a mano derecha junto a la pista.",Fuente de la Guarza,1,1,2,true,0,1,,false,1,POINT (-2.882248193034265 41.955706553337599)
,,,,,,-1,-1,-1,,,81669,18,true,false,,LNUAR00004,Los contenedores son bidones.,2010-06-13T22:00:00Z,2010-03-01T23:00:00Z,3,false,"Por la carretera SO-850 que va de Covaleda a Duruelo de la Sierra, a la entrada de Duruelo parte una pista forestal asfaltada a mano derecha que se¤aliza Castroviejo, y cuando finaliza esta se coge el camino de tierra que pa",Fuente el Berro,2,1,2,true,0,4,,false,1,POINT (-2.921121312658173 41.99827802009542)
,,,,,,-1,-1,-1,,,89102,18,false,false,,SGRAR00024,Represa en el arroyo de la Garganta de los pozos. Zona de mesas y parrillas ocupan 1/2 Ha entre el río y la pista forestal a La Amoclón.,2010-06-14T22:00:00Z,1996-06-19T22:00:00Z,4,false,Carretera de Mombeltrán a Ramacastañas. Entre la garganta de los Pozos y Río Puerto.,Pozos de Felipe,1,1,2,false,2500,1,,false,4,POINT (-5.035142272633857 40.216802656995434)
,,,,,,-1,-1,-1,,,89103,18,true,true,,SGRAR00025,Zona de baño cercana. Bar en verano. Amplios aparcamientos. Señalizacion del Parque.,2010-06-14T22:00:00Z,1996-06-19T22:00:00Z,1,true,"Por la carretera de Navalonguilla hacia Navalguijo, a la altura del puente sobre La Garganta de los Caballeros.",El Berrocal,2,1,3,false,15000,3,,false,2,POINT (-5.515738884094244 40.268290656106771)
,,,,,,-1,-1,-1,,,89104,18,true,false,,SGRAR00026,"Posibilidad de mejorar, muy cerca del rio Tormes. Inicio de senda de cinco lagunas",2010-06-14T22:00:00Z,1996-06-19T22:00:00Z,4,true,"Por la pista forestal asfaltada de Navalperal de Tormes al río Tormes. Cruzado el puente sobre el río Tormes o siguiendo el GR-10, a la altura del puente sobre el río Tormes en Navalperal.",Prado del Toro,1,1,2,false,6000,1,,false,1,POINT (-5.289979437300264 40.347865791014627)
,,,,,,-1,-1,-1,,,76255,18,true,false,false,BSFAR00018,"Esta área recreativa está en la trayectoria de los senderos PRSA-12 (Cepeda-Mogarraz) y PRSA-19 (Cepeda-Monforte)
Una de las barbacoas tiene matachispas",2011-06-08T22:00:00Z,2000-07-10T22:00:00Z,1,true,Este área recreativa está dentro del casco urbano de la población de Cepeda,Los Llanos,3,1,2,true,2170,11,,false,2,POINT (-6.036698030024708 40.469469031433583)
,,,,,,-1,-1,-1,,,89106,18,true,false,,SGRAR00028,"Con zona verde, sombra de olmos y seto de cipreses. Mirador al pueblo y al barranco de las Cinco Villas.",2010-06-14T22:00:00Z,1996-06-19T22:00:00Z,1,false,En la carretera de San Esteban a Santa Cruz. Zona próxima al pueblo.,Ermita de San Andrés,1,1,2,false,4500,4,,false,2,POINT (-4.984807968598901 40.266467937742028)
,,,,,,-1,-1,-1,,,89107,18,false,false,,SGRAR00029,Fuente con tres caños.,2010-06-14T22:00:00Z,1996-06-19T22:00:00Z,4,false,En un ensanche de la carretera AV-913 en la subida al puerto de Serranillos.,Fuente de los Morenos.,1,1,2,false,100,1,,false,1,POINT (-4.953132430832333 40.307062665667019)
,,,,,,-1,-1,-1,,,89108,18,false,false,,SGRAR00030,,2010-06-14T22:00:00Z,1996-06-19T22:00:00Z,4,false,Al pie de la carretera pasado el cruce del puerto de Serranillos con el de Pedro Bernardo.,La Chinita,1,1,2,false,200,1,,false,4,POINT (-4.961912393088692 40.265912705986402)
,,,,,,-1,-1,-1,,,89109,18,true,true,,SGRAR00031,Arbolado. Con bar. Entrada de puertas de madera. Señalizado. Zona natural de baño: Puente medieval de un solo ojo. Q Calidad.,2010-06-14T22:00:00Z,1996-06-19T22:00:00Z,1,true,"Desde Navacepeda de Tormes, cruzado el río Tormes y por la carretera de Barbellido. Desde el camino de la Plataforma, en el Km 7 antes del puente de Las juntas, camino de Barbellido.",Pozo de las Paredes,3,2,3,false,4000,36,,false,2,POINT (-5.249897942064096 40.345677987196865)
,,,,,,-1,-1,-1,,,89110,18,false,false,,SGRAR00032,Pequeña zona de merendero al lado de una regadera del rio Tormes,2010-06-14T22:00:00Z,1996-06-19T22:00:00Z,4,false,"Por la carretera C-500 de La Aliseda de Tormes a Navalperal de Tormes, a 1,7 km en el pk 38,6 parte una pista a la derecha que tras 0,1 km conduce al merendero.",La Aliseda,1,1,2,false,850,1,,false,1,POINT (-5.37922466224607 40.331209415926779)
,,,,,,-1,-1,-1,,,85821,18,true,false,,PEUAR00016,Juegos infantiles,2011-06-12T22:00:00Z,1995-05-29T22:00:00Z,1,false,Entrada pueblo Puebla de Lillo,Ermita Virgen de las Nieves,3,1,3,false,3911,11,,false,2,POINT (-5.267755246962622 43.004096218974738)
,,,,,,-1,-1,-1,,,89111,18,false,false,,SGRAR00033,,2010-06-14T22:00:00Z,1996-06-19T22:00:00Z,4,false,"Por la carretera C-500 de La Aliseda de Tormes a Navalperal de Tormes, a 1,7 km en el pk 38,6 parte una pista a la derecha que tras 0,1 km conduce al merendero.",Las Colmenillas,4,1,2,false,0,4,,false,3,POINT (-5.37922466224607 40.331209415926779)
,,,,,,-1,-1,-1,,,89112,18,true,false,,SGRAR00034,"Explanada con arboles, antiguas eras de trillar, fuente y zona de recreo.",2010-06-14T22:00:00Z,1996-06-19T22:00:00Z,4,false,En casco urbano del Tremedal.,Monumento al pastor,1,1,2,false,2000,1,,false,4,POINT (-5.621661978821763 40.352021999250169)
,,,,,,-1,-1,-1,,,90085,18,true,false,false,LGTAR00001,,,1990-10-10T23:00:00Z,2,false,,La Tiembla,2,1,2,false,,16,,,2,POINT (-6.476783520029626 42.230705655317678)
,,,,,,-1,-1,-1,,,82498,18,true,false,,LSNAR00001,,2010-05-31T22:00:00Z,1970-01-14T23:00:00Z,1,true,,La Viquiella,1,1,1,true,0,1,,false,2,POINT (-6.721058969395608 42.115843356012299)
,,,,,,-1,-1,-1,,,82499,18,true,false,,LSNAR00002,,2010-05-31T22:00:00Z,1970-01-14T23:00:00Z,1,true,,Custa Llago,1,1,2,true,0,1,,false,2,POINT (-6.72328118540825 42.113573041323136)
,,,,,,-1,-1,-1,,,82500,18,true,false,,LSNAR00003,,2010-05-31T22:00:00Z,2006-01-14T23:00:00Z,1,true,,La Riviella,1,1,2,true,0,1,,false,2,POINT (-6.667306344375308 42.107603154134189)
,,,,,,-1,-1,-1,,,82501,18,true,false,,LSNAR00004,,2010-05-31T22:00:00Z,2008-01-14T23:00:00Z,1,true,,El Folgoso,1,1,1,true,0,1,,false,2,POINT (-6.701385420452536 42.128725018545026)
,,,,,,-1,-1,-1,,,82502,18,true,false,,LSNAR00005,,2010-05-31T22:00:00Z,2002-01-14T23:00:00Z,1,true,,Vigo de Sanabria,1,1,2,true,0,1,,false,2,POINT (-6.691573839967623 42.132058134601898)
,,,,,,-1,-1,-1,,,82503,18,true,false,,LSNAR00006,,2010-05-31T22:00:00Z,2005-01-14T23:00:00Z,1,true,,Río Truchas,1,1,2,true,0,1,,false,2,POINT (-6.723497773823638 42.087586989554922)
,,,,,,-1,-1,-1,,,82504,18,true,false,,LSNAR00007,,2010-05-31T22:00:00Z,2006-01-14T23:00:00Z,1,true,,Corneira,1,1,2,true,0,1,,false,2,POINT (-6.643494290880882 42.101703975606554)
,,,,,,-1,-1,-1,,,82505,18,true,false,,LSNAR00008,,2010-05-31T22:00:00Z,2006-01-14T23:00:00Z,1,true,,Porto,1,1,2,true,0,1,,false,2,POINT (-6.899069067123485 42.166009049535035)
,,,,,,-1,-1,-1,,,82506,18,true,false,,LSNAR00009,,2010-05-31T22:00:00Z,2000-01-14T23:00:00Z,1,false,,Área recreativa de Ballagona,4,1,2,true,0,4,,false,2,POINT (-6.672844855939937 42.117899129711681)
,,,,,,-1,-1,-1,,,83553,18,true,false,,LVFAR00001,2 papeleras,2010-03-02T23:00:00Z,2007-12-31T23:00:00Z,1,true,,Area recreativa Cerecinos,1,1,1,false,400,1,,false,2,POINT (-5.481210443736613 41.902447117403057)
,,,,,,-1,-1,-1,,,83554,18,true,false,,LVFAR00002,,2010-03-02T23:00:00Z,2006-12-31T23:00:00Z,1,true,,Tapioles,1,1,1,false,2000,1,,false,2,POINT (-5.499401882002693 41.866897394757999)
,,,,,,-1,-1,-1,,,83555,18,true,false,,LVFAR00003,,2010-03-02T23:00:00Z,2006-12-31T23:00:00Z,1,false,,Bancos camino de A.R. Tapioles,1,1,1,false,500,1,,false,5,POINT (-5.492687765289008 41.861809774847927)
,,,,,,-1,-1,-1,,,83556,18,true,false,,LVFAR00004,,2010-03-02T23:00:00Z,2005-12-31T23:00:00Z,1,true,,Area recreativa Cañizo,1,1,1,false,600,1,,false,2,POINT (-5.499663517438747 41.771304797258829)
,,,,,,-1,-1,-1,,,83557,18,true,false,,LVFAR00005,,2010-03-02T23:00:00Z,2007-12-31T23:00:00Z,1,true,,Revellinos,3,1,1,false,400,5,,false,2,POINT (-5.579816009381005 41.889852647675717)
,,,,,,-1,-1,-1,,,83558,18,true,false,,LVFAR00006,,2010-03-02T23:00:00Z,2005-12-31T23:00:00Z,1,true,,San Agustín,1,1,1,false,30,1,,false,2,POINT (-5.601254513201792 41.881980298238787)
,,,,,,-1,-1,-1,,,83559,18,true,false,,LVFAR00007,,2010-03-02T23:00:00Z,2007-12-31T23:00:00Z,1,true,,Fuente El Relator Villafáfila,1,2,1,false,0,1,,false,2,POINT (-5.617377383752761 41.85083532729508)
,,,,,,-1,-1,-1,,,83560,18,true,false,,LVFAR00008,,2010-03-02T23:00:00Z,2005-12-31T23:00:00Z,1,true,,Fuente las Pozas Villafáfila,1,2,1,false,40,1,,false,2,POINT (-5.621217153523655 41.841866805063987)
,,,,,,-1,-1,-1,,,83561,18,true,false,,LVFAR00009,,2010-03-02T23:00:00Z,2004-12-31T23:00:00Z,1,true,,Área temática de las Zonas Húmedas,1,1,1,false,3000,1,,false,6,POINT (-5.642610733103253 41.808284318776884)
,,,,,,-1,-1,-1,,,83562,18,true,false,,LVFAR00010,,2010-03-02T23:00:00Z,2006-12-31T23:00:00Z,1,true,,Laguna Grande de Manganeses,1,1,1,false,1000,1,,false,2,POINT (-5.713584394951825 41.747499973598984)
,,,,,,-1,-1,-1,,,83563,18,true,false,,LVFAR00011,,2010-03-02T23:00:00Z,2006-07-04T22:00:00Z,1,true,,Junciel,4,1,1,false,3000,1,,false,2,POINT (-5.685441467359518 41.739248515019959)
,,,,,,-1,-1,-1,,,83564,18,true,false,,LVFAR00012,,2010-03-02T23:00:00Z,2000-12-31T23:00:00Z,1,true,,Fuente Salinas Revellinos,1,1,1,false,500,1,,false,2,POINT (-5.551709483932538 41.857265547907865)
,,,,,,-1,-1,-1,,,83566,18,true,false,,LVFAR00014,,2010-03-02T23:00:00Z,2006-12-31T23:00:00Z,1,true,,Área Temática de la Estepa Cerealista,3,1,1,false,5000,27,,false,6,POINT (-5.467560060085359 41.819098446842936)
,,,,,,-1,-1,-1,,,83567,18,true,false,,LVFAR00015,,2010-03-02T23:00:00Z,2005-12-31T23:00:00Z,1,true,,Villarrín de Campos,1,1,1,false,200,1,,false,2,POINT (-5.648851684344395 41.802025893462179)
,,,,,,-1,-1,-1,,,83568,18,true,false,,LVFAR00016,,2010-03-02T23:00:00Z,2005-12-31T23:00:00Z,1,true,,San Martín de Valderaduey,3,1,1,false,400,18,,false,2,POINT (-5.470106850014743 41.815499212716652)
,,,,,,-1,-1,-1,,,83690,18,true,false,,MDLAR00001,,2009-11-25T23:00:00Z,2002-07-31T22:00:00Z,1,true,,Área recreativa del lago de Carucedo,3,1,1,false,0,11,,false,2,POINT (-6.774359292307647 42.489769377008088)
,,,,,,-1,-1,-1,,,83691,18,true,false,,MDLAR00002,2papeleras,2009-11-25T23:00:00Z,2002-07-31T22:00:00Z,1,true,,Área recreativa de Campo de Braña,1,2,1,false,0,1,,false,2,POINT (-6.750811038893268 42.448426903414386)
,,,,,,-1,-1,-1,,,83692,18,true,false,,MDLAR00003,Se accede con vehículo todoterreno o a pie,2009-11-25T23:00:00Z,2002-07-31T22:00:00Z,1,true,,Área recreativa de los Zufreiros del Frade,3,2,2,false,0,3,,false,2,POINT (-6.809851869158964 42.484258461869459)
,,,,,,-1,-1,-1,,,84182,18,true,false,,MOBAR00013,,2009-12-09T23:00:00Z,2006-10-13T22:00:00Z,1,false,,Valpuesta,3,1,1,false,0,11,,false,2,POINT (-3.12506929805215 42.866760065281554)
,,,,,,-1,-1,-1,,,84183,18,true,false,,MOBAR00007,,2009-12-09T23:00:00Z,2006-10-13T22:00:00Z,1,false,,Área recreativa de Frías,1,1,1,false,0,1,,false,2,POINT (-3.293549278924556 42.768848596932607)
,,,,,,-1,-1,-1,,,84184,18,true,false,,MOBAR00008,,2009-12-09T23:00:00Z,2006-10-13T22:00:00Z,1,false,,Área recreativa de Pancorbo,3,2,2,false,0,9,,false,2,POINT (-3.107130303313722 42.639185487020413)
,,,,,,-1,-1,-1,,,84185,18,true,false,,MOBAR00010,,2009-12-09T23:00:00Z,2006-10-13T22:00:00Z,1,false,,Área recreativa Fuente de los Siete Caños,1,1,2,false,0,1,,false,2,POINT (-3.176503136353638 42.772625251610862)
,,,,,,-1,-1,-1,,,84186,18,true,false,,MOBAR00012,,2009-12-09T23:00:00Z,2006-10-13T22:00:00Z,1,false,,Herrán,1,1,2,false,0,1,,false,2,POINT (-3.22553397123605 42.824981898939207)
,,,,,,-1,-1,-1,,,84187,18,true,false,,MOBAR00014,,2009-12-09T23:00:00Z,2006-10-13T22:00:00Z,1,false,,Encío,1,1,2,false,0,1,,false,2,POINT (-3.116823859168141 42.673759137191283)
,,,,,,-1,-1,-1,,,84188,18,true,false,,MOBAR00015,,2009-12-09T23:00:00Z,2006-10-13T22:00:00Z,1,true,,Villafría de San Zadornil,3,1,2,false,0,9,,false,2,POINT (-3.195772217367741 42.834047788716632)
,,,,,,-1,-1,-1,,,84189,18,true,false,,MOBAR00011,,2009-12-09T23:00:00Z,2006-10-13T22:00:00Z,1,false,,El Corral de los Bueyes,1,1,1,false,0,1,,false,2,POINT (-3.150271164281849 42.780237385510169)
,,,,,,-1,-1,-1,,,84190,18,true,false,,MOBAR00001,Las fuentes no funcionan,2009-11-22T23:00:00Z,2006-10-13T22:00:00Z,1,false,,Paseo de la Ría,3,2,1,false,0,3,,false,2,POINT (-3.412666029362674 42.732896169619181)
,,,,,,-1,-1,-1,,,84191,18,true,false,,MOBAR00003,Se puede acceder por una pista forestal en vehículo pero restringida a vehiculos autorizados.Se puede solicitar permiso a la Casa Forestal.,2009-11-23T23:00:00Z,2006-10-13T22:00:00Z,3,false,,Ocejo,1,2,2,false,0,1,,false,2,POINT (-3.417966028918194 42.708488076916055)
,,,,,,-1,-1,-1,,,84192,18,true,false,,MOBAR00004,Se puede acceder por una pista forestal en vehículo pero restringida a vehiculos autorizados.Se puede solicitar permiso a la Casa Forestal.,2009-11-25T23:00:00Z,2006-10-13T22:00:00Z,1,false,,Pociles,1,2,2,false,0,1,,false,2,POINT (-3.399646646115905 42.761263212007115)
,,,,,,-1,-1,-1,,,84193,18,true,false,,MOBAR00006,,2009-12-09T23:00:00Z,2006-10-13T22:00:00Z,1,false,,Área recreativa Encinillas,1,2,2,false,0,1,,false,2,POINT (-3.386015724606749 42.793068839837751)
,,,,,,-1,-1,-1,,,84194,18,true,false,,MOBAR00009,,2009-12-09T23:00:00Z,2006-10-13T22:00:00Z,3,true,,Área recreativa El Desfiladero,1,1,2,false,0,1,,false,2,POINT (-3.092195786863574 42.646690316701324)
,,,,,,-1,-1,-1,,,84195,18,true,false,,MOBAR00002,,2009-11-22T23:00:00Z,2006-10-13T22:00:00Z,3,false,,Área recreativa de Soscastillo,1,2,2,false,0,1,,false,2,POINT (-3.409844363216541 42.741602615450802)
,,,,,,-1,-1,-1,,,84196,18,true,false,,MOBAR00005,,2009-12-09T23:00:00Z,2006-10-13T22:00:00Z,1,false,,Área recreativa del Río,1,2,2,false,0,1,,false,2,POINT (-3.395805782299747 42.794088076216852)
,,,,,,-1,-1,-1,,,85822,18,true,false,,PEUAR00017,,2011-06-12T22:00:00Z,1995-05-29T22:00:00Z,1,false,Carretera local GR-1,Ermita Virgen del Roblo,3,1,2,false,1967,11,,false,1,POINT (-5.127731563089824 42.93450355902042)
,,,,,,-1,-1,-1,,,84486,18,true,true,,MSTAR00001,Los contenedores de basura del AP00001 dan servicio a esta área recreativa. Baños y máquina de agua junto a Casa del Parque dan servicio a esta área recreativa,2010-06-30T22:00:00Z,1995-12-31T23:00:00Z,1,true,Pista forestal y senderos. Junto a MSTAP00001.,Fuente Santiago,1,1,3,false,20000,1,,false,2,POINT (-3.001298915873941 42.941961076810777)
,,,,,,-1,-1,-1,,,84487,18,true,true,,MSTAR00002,,2011-06-11T22:00:00Z,1996-03-13T23:00:00Z,1,false,Pista parcelaria,Merendero Villalba,1,1,2,false,900,1,,false,1,POINT (-3.077936503390977 42.936150565145773)
,,,,,,-1,-1,-1,,,84488,18,true,true,,MSTAR00003,,2011-06-11T22:00:00Z,1996-03-13T23:00:00Z,1,false,Aparcamiento de entrada a Monte Santiago AP00003,Aparcamiento de entrada,2,1,1,false,300,11,,false,4,POINT (-3.034304601050325 42.939044986671497)
,,,,,,-1,-1,-1,,,85046,18,true,false,,NCPAR00001,,2011-06-12T22:00:00Z,2001-08-10T22:00:00Z,1,true,,Paseo de la Alameda,2,1,2,false,0,11,,false,2,POINT (-4.841267898514344 42.063253256794056)
,,,,,,-1,-1,-1,,,85047,18,true,false,,NCPAR00002,,2011-06-12T22:00:00Z,2001-05-16T22:00:00Z,3,false,,La Fuente,2,1,2,false,0,11,,false,1,POINT (-4.831549743713235 42.088875378704294)
,,,,,,-1,-1,-1,,,85048,18,true,false,,NCPAR00003,,2011-06-12T22:00:00Z,2001-05-16T22:00:00Z,1,false,,Virgen de Carejas,1,1,2,false,0,1,,false,2,POINT (-4.672972096278792 42.170356066739188)
,,,,,,-1,-1,-1,,,85049,18,true,false,,NCPAR00004,,2011-06-12T22:00:00Z,2001-05-16T22:00:00Z,3,false,,Ermita San Miguel,3,1,2,false,0,3,,false,1,POINT (-4.837058626176359 42.14513070455618)
,,,,,,-1,-1,-1,,,85050,18,true,false,,NCPAR00005,,2011-06-12T22:00:00Z,2001-05-16T22:00:00Z,1,false,,La Fuente,3,1,2,false,0,11,,false,2,POINT (-4.909585088781244 42.131517992609766)
,,,,,,-1,-1,-1,,,85051,18,true,false,,NCPAR00006,,2011-06-12T22:00:00Z,2001-05-16T22:00:00Z,3,false,,La Laguna,2,1,2,false,0,6,,false,2,POINT (-4.718010752837959 42.026097155721324)
,,,,,,-1,-1,-1,,,85052,18,true,false,,NCPAR00007,,2011-06-12T22:00:00Z,2009-01-14T23:00:00Z,1,false,,El Barrero,3,1,2,false,0,11,,false,2,POINT (-4.91682281698188 41.94235078899338)
,,,,,,-1,-1,-1,,,85053,18,true,false,,NCPAR00008,,2011-06-12T22:00:00Z,2001-05-16T22:00:00Z,1,false,,El Lavadero,2,1,2,false,0,11,,false,1,POINT (-4.988224797140269 41.942009131778825)
,,,,,,-1,-1,-1,,,85054,18,true,false,,NCPAR00009,,2011-06-12T22:00:00Z,2001-05-16T22:00:00Z,1,false,,Área Recreativa Castromocho,2,1,2,false,0,11,,false,1,POINT (-4.826764132615193 42.031609111652173)
,,,,,,-1,-1,-1,,,85146,18,true,true,,OJGAR00001,,2010-06-30T22:00:00Z,2001-01-14T23:00:00Z,1,false,Carratera asfaltada del Ayuntameinto,Alto de Retuerta,2,1,2,false,400,3,,false,1,POINT (-3.637392188447129 43.008572007052351)
,,,,,,-1,-1,-1,,,85147,18,true,true,,OJGAR00002,,2010-06-30T22:00:00Z,1995-01-14T23:00:00Z,1,true,Desde aparcamientos OJGAP0003 Los Nogales y OJGAP0002 Alto de la Concha,Los Nogales,2,1,2,true,3000,9,,false,2,POINT (-3.664731532997257 43.034466641137406)
,,,,,,-1,-1,-1,,,85148,18,true,false,,OJGAR00003,,2010-06-30T22:00:00Z,2001-01-14T23:00:00Z,3,false,Carretera asfaltada BU_526,Vallejo de Sotoscueva,3,1,2,false,100,9,,false,4,POINT (-3.693613506161546 43.044480823144283)
,,,,,,-1,-1,-1,,,85149,18,true,false,,OJGAR00004,,2010-06-30T22:00:00Z,2001-01-14T23:00:00Z,1,false,Carretera asfaltada BU_526,Villabáscones,3,1,2,false,100,9,,false,4,POINT (-3.677986705224525 43.046915737728163)
,,,,,,-1,-1,-1,,,85150,18,true,false,,OJGAR00005,,2010-06-30T22:00:00Z,2001-01-14T23:00:00Z,1,false,Carretera asfaltada de la Diputación,San Roque,3,1,2,false,250,9,,false,4,POINT (-3.669766471611032 43.045441458956383)
,,,,,,-1,-1,-1,,,85151,18,true,false,,OJGAR00006,,2010-06-30T22:00:00Z,2001-01-14T23:00:00Z,3,false,Camino vecinal de hormigón,La Parte de Sotoscueva,3,1,2,false,300,9,,false,4,POINT (-3.701831220554846 43.042692779482636)
,,,,,,-1,-1,-1,,,85152,18,true,false,,OJGAR00007,,2010-06-30T22:00:00Z,2001-01-14T23:00:00Z,1,false,Carretera asfaltada BU_526,Quisicedo,3,1,2,false,40,9,,false,4,POINT (-3.664618690623338 43.049141702571852)
,,,,,,-1,-1,-1,,,85153,18,true,true,,OJGAR00008,,2010-06-30T22:00:00Z,2005-01-14T23:00:00Z,1,true,Desde OJGA0001 de la Casa del Parque por Senda Botanica o por acera peatonal de la carretera Bu_526,Vivero de Quintanilla del Rebollar,3,1,2,true,21000,9,,false,2,POINT (-3.63363668566527 43.057214870928561)
,,,,,,-1,-1,-1,,,85154,18,true,true,,OJGAR00009,,2010-06-30T22:00:00Z,2005-01-14T23:00:00Z,1,true,"Desde aparcamiento OJGAP0001 Casa del Parque, y peatonal desde casco urbano de Quintanilla del Rebollar",Casa del Parque,3,1,2,true,5000,9,,false,2,POINT (-3.627764410883309 43.056286922631472)
,,,,,,-1,-1,-1,,,85155,18,true,false,,OJGAR00010,,2010-06-30T22:00:00Z,2007-01-14T23:00:00Z,1,true,Peatonal desde casco urbano de Espinosa de los Monteros,Torre de los Velasco,2,1,2,true,4000,9,,false,2,POINT (-3.557935898750278 43.076133193297672)
,,,,,,-1,-1,-1,,,85156,18,true,false,,OJGAR00011,,2010-06-30T22:00:00Z,1995-01-14T23:00:00Z,3,false,Peatonal por senda de Quisicedo a Casa del Parque,Peñanegra,1,1,2,false,1000,1,,false,1,POINT (-3.662670494961571 43.051813380469)
,,,,,,-1,-1,-1,,,85157,18,true,true,,OJGAR00012,,2010-06-30T22:00:00Z,1995-01-14T23:00:00Z,1,true,"Peatonal por pista de 1er orden del monte ""La Cueva"", y senda PR_C_BU_37",Pico Ángel,3,1,2,true,2000,9,,false,1,POINT (-3.653375597874545 43.066459709930932)
,,,,,,-1,-1,-1,,,85158,18,true,false,,OJGAR00013,,2010-06-03T22:00:00Z,2010-05-31T22:00:00Z,1,false,Peatonal por senda desde la Casa del Parque a Quisicedo. En el futuro contará con acceso desde Villabáscones por pasarela sobre el FEVE,Museo etnográfico de las Siete Juntas del Valle,3,1,2,true,11000,9,,false,2,POINT (-3.676712566191199 43.047166410817731)
,,,,,,-1,-1,-1,,,85806,18,true,false,,PEUAR00001,"En la senda GR.1/Columpio, pista polideportiva y zona verde aneja",2011-06-12T22:00:00Z,1995-05-29T22:00:00Z,1,false,Propio pueblo Acebedo,Acebedo,3,1,2,false,32924,11,,false,2,POINT (-5.117767686211644 43.041291497869743)
,,,,,,-1,-1,-1,,,89084,18,true,true,false,SGRAR00006,Cerramiento de barbacoas con muro de piedra.Bar. Aparcamientos grandes. Zona de baño en el río Pelayos. Pilón contra incendios. Setos y vallados de madera. Cartel indicador de Area Recreativa y de coto de pesca.,2010-06-14T22:00:00Z,1996-06-19T22:00:00Z,1,false,"Por la carretera C-501 de Arenas de San Pedro en dirección a Poyales del Hoyo, en el pk 3,4 junto a la carretera y río Pelayos",Río Pelayo,2,1,3,false,8000,11,,false,2,POINT (-5.113396102732131 40.201802041972989)
,,,,,,-1,-1,-1,,,90084,18,true,false,false,LGBAR00001,,2012-12-02T23:00:00Z,1990-10-10T23:00:00Z,3,false,,Laguna de La Baña,1,2,2,false,,,,,1,POINT (-6.747611283586787 42.26012428868102)
,,,,,,-1,-1,-1,,,85809,18,true,false,,PEUAR00004,En la senda GR.1,2011-06-12T22:00:00Z,1995-05-29T22:00:00Z,1,false,Pista forestal,Besande,3,1,2,false,576,11,,false,2,POINT (-4.889567625191307 42.897116357613534)
,,,,,,-1,-1,-1,,,90086,18,true,false,false,LGTAR00002,,,1990-10-10T23:00:00Z,2,false,,Truchillas,,1,2,false,,,,,1,POINT (-6.545560698412232 42.216953297526878)
,,,,,,-1,-1,-1,,,85811,18,true,false,,PEUAR00006,,2011-06-12T22:00:00Z,1995-05-29T22:00:00Z,1,false,Pista forestal,Casasuertes,3,1,2,false,592,11,,false,1,POINT (-4.945711887597609 43.060137298849966)
,,,,,,-1,-1,-1,,,85812,18,true,false,,PEUAR00007,"En la senda PR.LE-27/Pista polideportiva, juego escalada, castillo infantil, columpio, balancín y tobogán",2011-06-12T22:00:00Z,1995-05-29T22:00:00Z,1,false,Salida pueblo Cofiñal,Cofiñal,3,1,3,false,3460,11,,false,2,POINT (-5.271006541736806 43.035136846803603)
,,,,,,-1,-1,-1,,,85813,18,true,false,,PEUAR00008,,2011-06-12T22:00:00Z,1995-05-29T22:00:00Z,1,false,Carretera local,Collado de Panderruedas,2,1,3,false,12610,11,,false,2,POINT (-4.981932894833227 43.125452809198144)
,,,,,,-1,-1,-1,,,85814,18,true,false,,PEUAR00009,Fuente a 100m. Portón de madera entrada,2011-06-12T22:00:00Z,1995-05-29T22:00:00Z,1,false,Carretera LE-243,Collado de Pandetrave,1,1,2,false,4528,4,,false,2,POINT (-4.876044765305691 43.105290214244093)
,,,,,,-1,-1,-1,,,85815,18,true,false,,PEUAR00010,,2011-06-12T22:00:00Z,1995-05-29T22:00:00Z,4,false,Carretera LE-241 / LE-234,El Hito,3,1,2,false,0,11,,false,2,POINT (-4.9281796261571 42.929770133625389)
,,,,,,-1,-1,-1,,,85816,18,true,false,,PEUAR00011,En la senda PR.LE-26/Pasarela de madera. Recogida de basuras Ayto. Puebla de Lillo,2011-06-12T22:00:00Z,1995-05-29T22:00:00Z,1,false,Carretera LE-332,El Praico,3,1,2,false,3238,11,,false,2,POINT (-5.351290712373598 43.06212590007766)
,,,,,,-1,-1,-1,,,85817,18,true,false,,PEUAR00012,En la senda PR.LE-53/Tiene 2 papeleras,2011-06-12T22:00:00Z,1995-05-29T22:00:00Z,1,true,Pista forestal desde LE-234,Ermita del Pando,3,1,2,false,5566,11,,false,1,POINT (-4.963361053758095 42.916266205895433)
,,,,,,-1,-1,-1,,,85818,18,true,false,,PEUAR00013,Tiene 7 papeleras,2011-06-12T22:00:00Z,1995-05-29T22:00:00Z,3,false,Carretera,Ermita de San Juan,3,1,2,false,2244,11,,false,2,POINT (-5.159447014711424 42.908145976988791)
,,,,,,-1,-1,-1,,,85819,18,true,false,,PEUAR00014,,2011-06-12T22:00:00Z,1995-05-29T22:00:00Z,3,false,Carretera N-625,Ermita del Pontón,3,1,3,false,4061,11,,false,2,POINT (-5.016315354258703 43.097107009603782)
,,,,,,-1,-1,-1,,,85823,18,true,false,,PEUAR00018,/Escalerillas de traviesas,2011-06-12T22:00:00Z,1995-05-29T22:00:00Z,1,false,Carretera N-621,Ermita de Pedrosa del Rey,1,1,3,false,5181,4,,false,2,POINT (-4.972819886695372 42.970098346306514)
,,,,,,-1,-1,-1,,,85824,18,true,false,,PEUAR00019,En la senda PR.LE-28/Pasarela de madera,2011-06-12T22:00:00Z,1995-05-29T22:00:00Z,1,false,Pista forestal PR-LE.28,Ermita de Pegarúas,3,1,2,false,4590,11,,false,2,POINT (-5.311517658489766 43.009833302340553)
,,,,,,-1,-1,-1,,,85825,18,true,false,,PEUAR00020,En la senda PR.LE-36,2011-06-12T22:00:00Z,1995-05-29T22:00:00Z,3,false,Carretera local PR-LE.36,Ermita de Pereda,2,1,3,false,1721,11,,false,1,POINT (-5.131670000782476 42.907908116961259)
,,,,,,-1,-1,-1,,,85826,18,true,false,,PEUAR00021,,2011-06-12T22:00:00Z,1995-05-29T22:00:00Z,1,false,Pista forestal,Ermita de Retejerina,1,1,2,false,552,4,,false,1,POINT (-5.000387522675271 42.900889338388311)
,,,,,,-1,-1,-1,,,85827,18,true,false,,PEUAR00022,En la senda GR.1,2011-06-12T22:00:00Z,1995-05-29T22:00:00Z,1,true,Pista asfaltada desde C-635,Ermita de Riosol,3,1,2,false,3907,11,,false,2,POINT (-5.216137863390954 43.074433733951984)
,,,,,,-1,-1,-1,,,85828,18,true,false,,PEUAR00023,,2011-06-12T22:00:00Z,1995-05-29T22:00:00Z,1,false,Carretera LE-331,Fuente las Rogueras,1,1,2,false,104,4,,false,1,POINT (-5.256990356310856 42.971491889955267)
,,,,,,-1,-1,-1,,,85829,18,true,false,,PEUAR00024,"En la senda PR.LE-25/Columpio, balancín y juego huellas",2011-06-12T22:00:00Z,1995-05-29T22:00:00Z,1,false,Entrada pueblo Horcadas,Horcadas,3,1,2,false,3733,11,,false,2,POINT (-5.046909832833837 42.940814791750654)
,,,,,,-1,-1,-1,,,85830,18,true,false,,PEUAR00025,,2011-06-12T22:00:00Z,1995-05-29T22:00:00Z,1,false,Propio pueblo La Uña,La Uña,1,1,2,false,5928,4,,false,1,POINT (-5.135948575423074 43.064986391252752)
,,,,,,-1,-1,-1,,,85831,18,true,false,,PEUAR00026,En la senda PR.LE-31,2011-06-12T22:00:00Z,1995-05-29T22:00:00Z,1,false,Propio pueblo Lario,Lario,3,1,3,false,9898,11,,false,2,POINT (-5.092015536541501 43.040645006633852)
,,,,,,-1,-1,-1,,,85832,18,true,false,,PEUAR00027,En la senda PR.LE-52/Acceso cortado embalse lleno,2011-06-12T22:00:00Z,1995-05-29T22:00:00Z,4,false,Pista forestal desde N-621,Las Biescas,1,1,2,false,10027,4,,false,1,POINT (-5.030224275877707 42.969605035190099)
,,,,,,-1,-1,-1,,,85833,18,true,false,,PEUAR00028,,2011-06-12T22:00:00Z,1995-05-29T22:00:00Z,3,true,Pista forestal desde pueblo de Las Salas,Las Salas,1,1,2,false,0,4,,false,2,POINT (-5.105008443136689 42.934019056302091)
,,,,,,-1,-1,-1,,,85834,18,true,false,,PEUAR00029,En la senda PR.LE-32/Columpio y balancin,2011-06-12T22:00:00Z,1995-05-29T22:00:00Z,1,false,Entrada pueblo Liegos,Liegos,3,1,2,false,875,11,,false,2,POINT (-5.076188636196441 43.026477241572906)
,,,,,,-1,-1,-1,,,85835,18,true,false,,PEUAR00030,La basura la recoge el Ayto. Boñar,2011-06-12T22:00:00Z,1995-05-29T22:00:00Z,1,false,Carretera LE-331,Lodares,3,1,2,false,5739,11,,false,2,POINT (-5.25338644389358 42.943569174724864)
,,,,,,-1,-1,-1,,,85836,18,true,false,,PEUAR00031,En la senda GR.1,2011-06-12T22:00:00Z,1995-05-29T22:00:00Z,1,false,Salida pueblo PR-LE.51,Lois,3,1,2,false,3048,11,,false,2,POINT (-5.145314053563428 42.981967917718151)
,,,,,,-1,-1,-1,,,85837,18,true,false,,PEUAR00032,En la senda PR.LE-53,2011-06-12T22:00:00Z,1995-05-29T22:00:00Z,1,true,Pista forestal PR-LE.35,Los Adiles,3,1,2,false,687,11,,false,2,POINT (-4.970150632747449 42.911585031843003)
,,,,,,-1,-1,-1,,,85838,18,true,false,,PEUAR00033,En la senda PR.LE-20,2011-06-12T22:00:00Z,1995-05-29T22:00:00Z,1,false,Carretera C-635,Los Carbellares,3,1,2,false,1124,11,,false,2,POINT (-5.156072285521037 43.073045759394155)
,,,,,,-1,-1,-1,,,85839,18,true,false,,PEUAR00034,Esta dentro zona de reserva Hormas. Uso vecinal excluSívamente,2011-06-12T22:00:00Z,1995-05-29T22:00:00Z,3,false,pista forestal Hormas,Los Casares,4,3,2,false,0,4,,false,1,POINT (-4.97335768883941 42.996690530866658)
,,,,,,-1,-1,-1,,,85840,18,true,false,,PEUAR00035,En la senda PR.LE-29,2011-06-12T22:00:00Z,1995-05-29T22:00:00Z,1,false,Pista forestal PR-LE.29,Los Torcedos,3,1,2,false,656,17,,false,1,POINT (-5.225429568478197 43.009991797138966)
,,,,,,-1,-1,-1,,,85841,18,true,false,,PEUAR00036,"En la senda GR.1/Columpio, balancín y juego de huellas",2011-06-12T22:00:00Z,1995-05-29T22:00:00Z,1,false,Propio pueblo Maraña,Maraña Polideportivo,3,1,3,false,1528,11,,false,1,POINT (-5.177384246723591 43.048746249315023)
,,,,,,-1,-1,-1,,,85842,18,true,false,,PEUAR00037,En la senda PR.LE-25,2011-06-12T22:00:00Z,1995-05-29T22:00:00Z,1,false,Carretera N-621,Mirador de Huelde,3,1,3,false,2349,11,,false,2,POINT (-5.057410589162002 42.940490952051668)
,,,,,,-1,-1,-1,,,85843,18,true,false,,PEUAR00038,En la senda PR-LE-22/La fuente esta en la subida al área,2011-06-12T22:00:00Z,1995-05-29T22:00:00Z,1,true,Pista forestal desde Portilla de la Reina,Mirador de Portilla,2,1,2,false,2334,11,,false,2,POINT (-4.85045814987224 43.04207517202984)
,,,,,,-1,-1,-1,,,85844,18,true,false,,PEUAR00039,En la senda PR.LE-21,2011-06-12T22:00:00Z,1995-05-29T22:00:00Z,1,true,Pista forestal desde C-635,Mirva,3,1,3,false,4410,11,,false,2,POINT (-5.060033329866367 43.027540254187187)
,,,,,,-1,-1,-1,,,85845,18,true,false,,PEUAR00040,Cerramiento parcial con bolardo,2011-06-12T22:00:00Z,1995-05-29T22:00:00Z,3,false,Pista forestal desde LE-331,Pardomino,2,1,2,false,9416,7,,false,1,POINT (-5.288071953901296 42.919249909664231)
,,,,,,-1,-1,-1,,,85846,18,true,false,,PEUAR00041,En la senda PR.LE-31,2011-06-12T22:00:00Z,1995-05-29T22:00:00Z,1,false,Entrada pueblo Polvoredo,Polvoredo,3,1,2,false,55,11,,false,1,POINT (-5.095988783107162 43.053816010708594)
,,,,,,-1,-1,-1,,,85847,18,true,false,,PEUAR00042,En la senda PR.LE-22,2011-06-12T22:00:00Z,1995-05-29T22:00:00Z,1,false,Pista forestal desde N-621,Portilla de la Reina,1,1,2,false,3253,4,,false,1,POINT (-4.847535190138411 43.041004605432583)
,,,,,,-1,-1,-1,,,85848,18,true,false,,PEUAR00043,En la senda GR.1,2011-06-12T22:00:00Z,1995-05-29T22:00:00Z,1,false,Pista forestal desde C-635,Puerto de Picones,2,1,2,false,2390,11,,false,2,POINT (-4.866912985549231 42.918779846153903)
,,,,,,-1,-1,-1,,,85849,18,true,false,,PEUAR00044,Portón de madera entrada,2011-06-12T22:00:00Z,1995-05-29T22:00:00Z,1,false,Carretera LE-234,Puerto del Pando,1,1,2,false,2952,4,,false,1,POINT (-4.949146233130806 42.928393952220304)
,,,,,,-1,-1,-1,,,85850,18,true,false,,PEUAR00045,"En la senda PR.LE-29/Pista polideportiva, juego escalada, tobogán y juego muelle",2011-06-12T22:00:00Z,1995-05-29T22:00:00Z,1,false,Propio pueblo Redipollos,Redipollos,2,1,3,false,1643,11,,false,1,POINT (-5.258745727698631 43.003876514789141)
,,,,,,-1,-1,-1,,,85851,18,true,false,,PEUAR00046,"En la senda PR.LE-18/Columpio, bancín y juego huellas",2011-06-12T22:00:00Z,1995-05-29T22:00:00Z,1,false,Carretera local Reyero,Reyero,3,1,3,false,1752,11,,false,2,POINT (-5.205175286356734 42.949834124299691)
,,,,,,-1,-1,-1,,,85852,18,true,false,,PEUAR00047,,2011-06-12T22:00:00Z,1995-05-29T22:00:00Z,1,false,Carretera local,Rio Orza,1,1,2,false,11481,4,,false,1,POINT (-4.972377043044852 43.055907974380027)
,,,,,,-1,-1,-1,,,85853,18,true,false,,PEUAR00048,En la senda PR.LE-24,2011-06-12T22:00:00Z,1995-05-29T22:00:00Z,1,false,Carretera N-621,San Glorio,4,1,2,false,606,4,,false,2,POINT (-4.766062927534978 43.066796508079022)
,,,,,,-1,-1,-1,,,85854,18,true,false,,PEUAR00049,En la senda PR.LE-54,2011-06-12T22:00:00Z,1995-05-29T22:00:00Z,1,false,Propio pueblo Síero de la Reina,Síero,3,1,3,false,174,11,,false,1,POINT (-4.896499103797733 42.936453152705724)
,,,,,,-1,-1,-1,,,85855,18,true,false,,PEUAR00050,,2011-06-12T22:00:00Z,1995-05-29T22:00:00Z,1,false,Carretera N-621,Suelta Grande,2,1,3,false,9179,11,,false,2,POINT (-4.881884573391374 43.011773492013916)
,,,,,,-1,-1,-1,,,85856,18,true,false,,PEUAR00051,,2011-06-12T22:00:00Z,1995-05-29T22:00:00Z,1,false,Propio pueblo Vegacerneja,Sutiello,3,1,3,false,1116,11,,false,2,POINT (-5.011234679721117 43.035516014427721)
,,,,,,-1,-1,-1,,,85857,18,true,false,,PEUAR00052,La basura la recoge el Ayto. Boñar,2011-06-12T22:00:00Z,1995-05-29T22:00:00Z,1,true,Pista forestal desde LE-331,Valcabrero,2,1,3,false,4775,11,,false,2,POINT (-5.301969442891002 42.918787784783234)
,,,,,,-1,-1,-1,,,88833,18,true,false,,RCDAR00001,"Terreno municipal, área recreativa de ejecución, propiedad y gestión de la Reserva",2009-11-08T23:00:00Z,2002-04-10T22:00:00Z,3,false,,Valdecabra,1,1,2,false,300,4,,false,1,POINT (-5.134310328647294 41.425920897052528)
,,,,,,-1,-1,-1,,,88834,18,true,false,,RCDAR00002,"Terreno de la Confederación Hidrográfica del Duero, área recreativa de ejecución, propiedad y gestión de la Reserva; se incluye la barbacoa y bancos exteriores al refugio de pescadores, de libre acceso y junto al resto de las mesas",2009-11-08T23:00:00Z,2002-04-10T22:00:00Z,3,false,,Escenario Deportivo Social de Pesca de Castronuño,3,1,1,false,400,3,,false,1,POINT (-5.251809572175145 41.402216269702585)
,,,,,,-1,-1,-1,,,88955,18,true,false,,SCLAR00001,LIC Sabinares de la Sierra de Cabrejas,2010-05-27T22:00:00Z,2008-12-31T23:00:00Z,1,true,,Molino Ranero,1,1,3,false,900,4,,false,2,POINT (-2.849562943610829 41.770982423538669)
,,,,,,-1,-1,-1,,,89079,18,false,false,,SGRAR00001,Cerramiento de barbacoas con muro de piedra,2010-06-14T22:00:00Z,1996-06-19T22:00:00Z,1,false,"Carretera de Arenas a Candeleda Km 16, desvío indicado a la derecha y 3,4 km de pista asfaltada.",Arbillas,1,1,2,false,2800,1,,false,2,POINT (-5.146695083576391 40.185693260919763)
,,,,,,-1,-1,-1,,,89080,18,false,false,,SGRAR00002,"En un pilón contraincendios pequeño y con solo una mesa de piedra,acera de piedra",2010-06-14T22:00:00Z,1996-06-19T22:00:00Z,4,false,"Desde la C-501 de Arenas a Candeleda, Km 7,8  siguiendo los indicadores a 1,5 km por la carretera forestal de Arbillas, en coche",Fuente Arrontejo,3,1,2,false,250,5,,false,4,POINT (-5.135675048569874 40.19388699539833)
,,,,,,-1,-1,-1,,,89081,18,false,false,,SGRAR00003,,2010-06-14T22:00:00Z,1996-06-19T22:00:00Z,4,false,"Desde la C-501 de Arenas a Candeleda, Km 7,8  siguiendo los indicadores a 0,5 km por la carretera forestal de Arbillas, en coche",Merendero de la casa,4,1,2,false,300,4,,false,1,POINT (-5.146825272525183 40.185771345119548)
,,,,,,-1,-1,-1,,,89082,18,true,false,,SGRAR00004,"Zona de baño de Arenas en el río Arenal. Con sombras, bar y vestuarios.",2010-06-14T22:00:00Z,1996-06-19T22:00:00Z,1,false,"Carretera de Arenas de San Pedro a El Hornillo. A 1,2 Km de Arenas de san Pedro.",Piscina natural Arenas de San Pedro,3,1,2,false,8000,6,,false,4,POINT (-5.095822213241258 40.216672566180669)
,,,,,,-1,-1,-1,,,89083,18,true,false,,SGRAR00005,"Zona muy frecuentada, salto de agua por debajo de la carretera y quiosco de verano",2011-06-12T22:00:00Z,1996-06-19T22:00:00Z,2,false,"Carretera de Arenas a Candeleda Km 6, a ambos lados de la carretera y antes del puente",Rio Abillas,2,3,2,false,1000,11,,false,2,POINT (-5.146444779392346 40.18260087759019)
,,,,,,-1,-1,-1,,,76238,18,true,true,false,BSFAR00001,La barbacoa tiene matachispas,2011-06-08T22:00:00Z,2000-07-10T22:00:00Z,1,false,Este área recreativa se encuentra junto al río Agadón a unos 900 m. de la población de Monsagro y a la que se accede bajando por una pista asfaltada que sale del mismo pueblo hacia el río.,El Charco de los Mozos,3,1,2,true,1500,10,,false,2,POINT (-6.274533541724302 40.499735452264503)
,,,,,,-1,-1,-1,,,89085,18,true,false,,SGRAR00007,"Aparcamientos en zona de sombra , con varios establecimientos de bares y merenderos.Tiene zona de baño sobre la garganta de Santa Maria, desde Candeleda se llega andando en 5 minutos",2010-06-14T22:00:00Z,1996-06-19T22:00:00Z,1,true,"Casco urbano de Candeleda por arriba del puente sobre la garganta de Santa María, señalizado.",Charco Carreras,3,1,2,false,12000,36,,false,2,POINT (-5.243671999338797 40.164182451943063)
,,,,,,-1,-1,-1,,,89086,18,true,false,,SGRAR00008,"Zona verde, Kiosco de verano , seto de cipreses. Zona de baño en la Garganta de Chilla con tablones en un muro artificial de 15 m de largo. En la otra orilla con sombra, en la entrada al Campamento juvenil San francisco de Asís. Bar, restaurante.",2010-06-14T22:00:00Z,1996-06-19T22:00:00Z,1,true,"Carretera del Raso, despues de la garganta de Chilla, a 2,5 kilómetros del cruce con la C-501.Por la carretera C.501 de Candeleda hacia Madrigal de la Vera, en el pk 24,9 se toma a la derecha un desvío que señaliza el área y se dirige a El Raso y tras 2,4 km.",Los Riveros,3,1,2,false,8000,9,,false,2,POINT (-5.309758760662652 40.159852017876815)
,,,,,,-1,-1,-1,,,89087,18,true,false,false,SGRAR00009,"Quiosco de verano, servicio de vestuarios. Dos zonas de aparcamientos, a la subida y dentro de la zona deportivas.",2010-06-14T22:00:00Z,1996-06-19T22:00:00Z,1,false,Se llega desde el pueblo de Cuevas por una cuesta inclinada indicada en la carretera nacional.,El Plantío,3,1,2,false,12000,30,,false,2,POINT (-5.00821240086994 40.289672631651463)
,,,,,,-1,-1,-1,,,89088,18,false,false,,SGRAR00010,"Pilón de incendios. Árboles plantados, sin aparcamiento. En el Rodal 23.",2010-06-14T22:00:00Z,1996-06-19T22:00:00Z,4,false,En la carretera de Mombeltran a El Arenal.,Fuente de Las Majadas,1,1,2,false,1200,1,,false,1,POINT (-5.060935211615861 40.254531589553707)
,,,,,,-1,-1,-1,,,89089,18,false,false,,SGRAR00011,"Situada en la pista de La Centenera, en monte público.",2010-06-14T22:00:00Z,1996-06-19T22:00:00Z,3,false,"Carretera desde El Arenal al Puerto del Pico. A 3,5 km. del pueblo",Pino Gordo,1,1,2,false,500,1,,false,4,POINT (-5.077212359917542 40.287932523170916)
,,,,,,-1,-1,-1,,,89090,18,true,true,,SGRAR00012,Refugio cerrado. Pilon de incendios. Parrillas cerradas con muro de piedra. Señalización de Area Recreativa. Arboles grandes de pinus nigra y nogal.,2010-06-14T22:00:00Z,1996-06-19T22:00:00Z,1,true,"Por la pista forestal asfaltada y señalizada "" Charco Verde"" que parte a 0,4 km de El Hornillo, a la izquierda, a la altura del puente la Francisca sobre el río de Los Cantos.",La Francisca,2,1,3,false,5000,11,,false,1,POINT (-5.130429540523036 40.2584399666056)
,,,,,,-1,-1,-1,,,89091,18,true,false,,SGRAR00013,Cerraniento de parrillas con muro de piedra. Refugio de la La Lancha del Rey cercano. Señalizacion de area recreativa.,2010-06-14T22:00:00Z,1996-06-19T22:00:00Z,4,true,"Por la pista forestal asfaltada "" Charco Verde"" que parte a 0,4 km de El Hornillo. Próxima al refugio de La Lancha del Rey.",La Lancha del Rey o La Cebedilla,1,1,2,false,5000,1,,false,1,POINT (-5.123412308067189 40.266212492491412)
,,,,,,-1,-1,-1,,,89092,18,false,false,,SGRAR00014,"Muy pequeña, a la salida del Hornillo. Pilon contra incendios",2010-06-14T22:00:00Z,1996-06-19T22:00:00Z,3,true,"Por la pista forestal asfaltada y señalizada  ""Charco Verde"" que parte a 0,4 km de El Hornillo.",Las Escarilluelas,1,1,2,false,200,1,,false,1,POINT (-5.110502001014489 40.248795179710498)
,,,,,,-1,-1,-1,,,89093,18,false,false,,SGRAR00015,"Muy pequeña, a la entrada de Domingo Fernando. Tiene un pilon contra incendios",2010-06-14T22:00:00Z,1996-06-19T22:00:00Z,4,false,"Por la pista forestal asfaltada y señalizada ""Charco Verde"" que parte a 0,4 km de El Hornillo; a 4,9 km se toma un desvío a la izquierda y tras 0,7 km se toma a la izquierda un desvío en dirección al refugio de Domingo Fernando y a 200 antes de la plataforma del mismo nombre.",Los Chorlitos,1,1,2,false,2000,1,,false,1,POINT (-5.134545275803042 40.261929449818567)
,,,,,,-1,-1,-1,,,89094,18,true,false,,SGRAR00016,Cerramiento de barbacoas con muro de piedra. Plaza de toros cercana. Casco urbano de Guisando. Bar restaurante con terraza con vistas. Juegos de niños. Parque de aventuras de árboles cercana. Casa del Parque del Risquillo.,2010-06-14T22:00:00Z,1996-06-19T22:00:00Z,1,false,"En el pueblo de Guisando. Desde Guisando, cruzado el puente sobre el río Pelayos y el primer desvio a la derecha",El Risquillo,1,1,3,false,8000,1,,false,2,POINT (-5.142867989654323 40.221303823632041)
,,,,,,-1,-1,-1,,,89095,18,false,false,,SGRAR00017,"En la carretera de Guisando a Poyales, salendo desde el fogon de Gredos, despues de la fuente del Valle( comprobar en la ubicación)",2010-06-14T22:00:00Z,1996-06-19T22:00:00Z,4,false,"Por la pista forestal asfaltada ""Portezuelo"" que une Guisando con la carretera C-501 y que parte a la altura del camping Los Galayos, a la izquierda.",Fuente del Poyal,1,1,2,false,600,1,,false,1,POINT (-5.142841438158507 40.209203770449669)
,,,,,,-1,-1,-1,,,89096,18,false,false,,SGRAR00018,Cerramiento de barbacoas con muro de piedra,2010-06-14T22:00:00Z,1996-06-19T22:00:00Z,4,true,Desde Guisando por la carretera a la torre de la Sillita,Fuente del Valle,1,1,2,false,500,1,,false,1,POINT (-5.142889213189893 40.213788749191977)
,,,,,,-1,-1,-1,,,85810,18,true,true,false,PEUAR00005,En la senda PR.LE-33,2011-06-12T22:00:00Z,1995-05-29T22:00:00Z,1,false,Carretera LE-215,Boca de Huérgano,3,1,2,false,1507,11,,false,2,POINT (-4.923725395029917 42.967583454522476)
,,,,,,-1,-1,-1,,,89098,18,true,true,,SGRAR00020,"Zona muy cercana al Camping Gredos, con zona de descanso grande, entre pinos, con el rio Tormes cercano y piscina natural. Señalizacion de parque y del propio Area recreativa. Pasa en GR-10. Zona cercana a campamentos de verano",2010-06-14T22:00:00Z,1996-06-19T22:00:00Z,1,true,"Por la carretera a la Plataforma de Gredos, a 1,6 km a la altura del puente del Duque sobre el río Tormes.",Puente del Duque,1,1,3,false,20000,1,,false,2,POINT (-5.1742366397479 40.338767964162962)
,,,,,,-1,-1,-1,,,89099,18,true,false,,SGRAR00021,Próxima al puente del río Aravalle,2010-06-14T22:00:00Z,1996-06-19T22:00:00Z,1,true,"Por la carretera N-110 y en la entrada a el pueblo de La Carrera, por una pista con direccion al rio. Despues de 0,6 km se llega al puente.",La Carrera,3,1,2,false,1800,11,,false,2,POINT (-5.547137802627393 40.341800809270637)
,,,,,,-1,-1,-1,,,89100,18,false,false,,SGRAR00022,"En la carretera que une Mombeltran con El Arenal, con una",2010-06-14T22:00:00Z,1996-06-19T22:00:00Z,3,false,"Por la carretera de Mombeltrán hacia El Arenal, a la izquierda junto a la carretera.",Chinas Blancas,1,1,2,false,1300,1,,false,1,POINT (-5.049636352984261 40.255339692061497)
,,,,,,-1,-1,-1,,,89101,18,true,false,,SGRAR00023,"Quiosco, pilón contra incendios, zona de baño en el río por medio de una represa.",2010-06-14T22:00:00Z,1996-06-19T22:00:00Z,1,true,Carretera de Mombeltrán a Ramacastañas. Desviarse por la pista forestal hacia el campamento de Playas Blancas,Playas Blancas,3,1,2,false,7500,7,,false,4,POINT (-5.034113745338082 40.220217477580015)
,,,,,,-1,-1,-1,,,85820,18,true,true,false,PEUAR00015,Tiene 2 papeleras,2011-06-12T22:00:00Z,1995-05-29T22:00:00Z,1,true,Carretera N-620,Ermita Virgen de Quintanilla,3,1,2,false,21453,11,,false,2,POINT (-5.00938813553624 42.957924052116532)
,,,,,,-1,-1,-1,,,89113,18,true,true,,SGRAR00035,Amplia zona con canchas deportivas. Pasa en GR-10,2010-06-14T22:00:00Z,1996-06-19T22:00:00Z,1,true,Desde el pueblo de Umbrias por la carretera que conduce a la Vega del Escobar a unos 200 metros a la salida del pueblo en el puente sobre el rio Aravalle,Umbrías,3,1,3,false,20000,11,,false,2,POINT (-5.58227406945931 40.317138070747376)
,,,,,,-1,-1,-1,,,89114,18,true,false,,SGRAR00036,"Señal del Parque con plano e información municipal, en un mirador al pueblo de Villarejo.",2010-06-14T22:00:00Z,1996-06-19T22:00:00Z,1,true,"Carretera de Cuevas del Valle a Villarejo, a escasos metros del pueblo.",La Cantera de Villarejo,1,1,2,false,8000,1,,false,2,POINT (-5.003199219439287 40.285992368956599)
,,,,,,-1,-1,-1,,,89115,18,true,false,false,SGRAR00037,"Pista de tierra para llegar hasta allí. Zona muy amplia con buenas vistas a los Riscos de Villarejo.
Mesas y bancos de piedra",2010-06-14T22:00:00Z,1996-06-19T22:00:00Z,1,false,"Por la pista cementada que parte de Villarejo del Valle y sube hacia el monte, a 0,9 km una vez se termina, se toma a la derecha un desvío por una pista de tierra que tras 0,9 km conduce al area recreativa.",Los Rozos,3,1,2,false,15000,11,,false,2,POINT (-4.99696286303507 40.299329951899701)
,,,,,,-1,-1,-1,,,89116,18,false,false,,SGRAR00038,"Una zona apartada de la carretera, en subida por una escalera de piedra y barandilla de piedra y completamente abandonada. Ya en desuso.",2010-06-14T22:00:00Z,1996-06-19T22:00:00Z,4,true,Por la carretera N-502 a la altura del puerto el Pico.,Puerto del Pico,1,1,3,false,1200,1,,false,1,POINT (-5.013339731116107 40.321891037042697)
,,,,,,-1,-1,-1,,,89117,18,true,true,,SGRAR00039,Nueva zona cercana al rio Tormes...Puente nuevo sobre el Tormes.,2010-06-14T22:00:00Z,1996-06-19T22:00:00Z,1,true,Por la carretera de Hoyos del Espino a Barco de Avila en la bajada al rio Tormes cerca del cruce con Zapardiel de la Rivera,La Puente,1,1,3,false,2500,1,,false,2,POINT (-5.324803527770833 40.34205000814319)
,,,,,,-1,-1,-1,,,89555,18,true,false,,VLIAR00001,,2010-01-10T23:00:00Z,1997-06-16T22:00:00Z,1,false,,Los Andrinos,4,1,2,false,50,1,,false,1,POINT (-4.51395157254909 40.370925173177035)
,,,,,,-1,-1,-1,,,89556,18,true,true,,VLIAR00002,,2010-01-10T23:00:00Z,1997-06-16T22:00:00Z,1,true,,Las Barrancas,4,1,2,false,3000,11,,false,3,POINT (-4.524716319256118 40.355508350337061)
,,,,,,-1,-1,-1,,,89557,18,true,false,,VLIAR00003,,2010-01-10T23:00:00Z,1997-06-16T22:00:00Z,1,true,,El Regajo,4,1,1,false,6000,11,,false,2,POINT (-4.512003338930334 40.358312061740257)
,,,,,,-1,-1,-1,,,89558,18,true,true,,VLIAR00004,,2010-01-10T23:00:00Z,1997-06-16T22:00:00Z,1,true,,Siempreverde,4,1,1,false,3000,6,,false,2,POINT (-4.571915543049817 40.407497477101053)
,,,,,,-1,-1,-1,,,83565,18,true,false,,LVFAR00013,4 papeleras,2010-03-02T23:00:00Z,1994-12-31T23:00:00Z,1,true,,Área de descanso,1,2,1,false,400,1,,false,4,POINT (-5.59338149860173 41.852987327723831)
,,,,,,-1,-1,-1,,,89990,18,,,,,,,,,,,1,,,,,,,,,,POINT (-3.206876910657638 41.826518981173933)
,,,,,,-1,-1,-1,,,89991,18,,,,,,,,,,,2,,,,,,,,,,POINT (-3.191911380045257 41.835442615994033)
,,,,,,-1,-1,-1,,,89992,18,,,,,,,,,,,3,,,,,,,,,,POINT (-3.185929089656138 41.852028875533954)
,,,,,,-1,-1,-1,,,89993,18,,,,,,,,,,,4,,,,,,,,,,POINT (-3.196318180473745 41.837507223739436)
,,,,,,-1,-1,-1,,,85808,18,true,true,false,PEUAR00003,En la senda GR.1/Piscina en el rio,2011-06-12T22:00:00Z,1995-05-29T22:00:00Z,1,false,Pista forestal GR-1,Arroyo Cea,3,1,2,false,1156,11,,false,2,POINT (-5.122966672451637 43.036729401107827)
,,,,,,-1,-1,-1,,,85807,18,true,true,false,PEUAR00002,En la senda GR.1,2011-06-12T22:00:00Z,1995-05-29T22:00:00Z,1,false,Propio pueblo GR-1,Albergue de Maraña,3,1,2,false,2445,11,,false,2,POINT (-5.18366991369917 43.049195349812656)
